dataset,seed,method,estimator,scenario,n,mean_m,median_m,rmse_m,p75_m,p90_m,p95_m,within_3m,parameters,train_seconds,best_epoch,trained_epochs
UJIIndoorLoc,11,RC-NoAugCoord,direct,clean,1111.0,8.800405502319336,7.100822925567627,11.382084846496582,11.294762134552002,16.53289031982422,21.40613555908203,0.1476147614761476,2972146,1834.3974746000024,173,200
UJIIndoorLoc,11,RC-NoAugCoord,fused,clean,1111.0,8.586424411841437,6.879698033060662,11.23347363504852,11.06109464536686,15.95277833135586,21.14588996841879,0.1683168316831683,2972146,1834.3974746000024,173,200
UJIIndoorLoc,11,RC-NoAugCoord,direct,device_offset_-6db,1111.0,8.964018821716309,7.515816211700439,11.523553848266602,11.273723602294922,16.17057991027832,21.18031406402588,0.1503150315031503,2972146,1834.3974746000024,173,200
UJIIndoorLoc,11,RC-NoAugCoord,fused,device_offset_-6db,1111.0,8.793901695655851,7.132487178409354,11.43043724062398,11.162764288553392,16.290912562358404,21.096118229851097,0.1539153915391539,2972146,1834.3974746000024,173,200
UJIIndoorLoc,11,RC-NoAugCoord,direct,persistent_bias_8db,1111.0,9.296072959899902,7.694499492645264,11.888525009155272,11.887915134429932,17.709787368774414,22.695995330810547,0.1395139513951395,2972146,1834.3974746000024,173,200
UJIIndoorLoc,11,RC-NoAugCoord,fused,persistent_bias_8db,1111.0,9.030043037530936,7.349081049286938,11.673838602874836,11.72840004933953,17.75046098879756,22.446119324981797,0.1575157515751575,2972146,1834.3974746000024,173,200
UJIIndoorLoc,11,RC-NoAugCoord,direct,top20_outage,1111.0,25.347251892089844,12.61970043182373,43.58927536010742,26.83188533782959,66.92552185058594,96.72012329101562,0.0648064806480648,2972146,1834.3974746000024,173,200
UJIIndoorLoc,11,RC-NoAugCoord,fused,top20_outage,1111.0,25.24607180199781,12.108924525301584,44.05777171127791,25.977507915603947,67.88159833409678,100.2988443533322,0.0792079207920792,2972146,1834.3974746000024,173,200
UJIIndoorLoc,11,RC-NoAugCoord,direct,top20_outage_plus_bias4db,1111.0,25.243423461914062,12.363640785217283,43.34653854370117,26.88925647735596,67.70881652832031,96.01687622070312,0.0684068406840684,2972146,1834.3974746000024,173,200
UJIIndoorLoc,11,RC-NoAugCoord,fused,top20_outage_plus_bias4db,1111.0,25.09251215600113,11.9139635049811,43.69878113645585,25.59410501363314,68.0841491421136,97.82072136270084,0.0765076507650765,2972146,1834.3974746000024,173,200
UJIIndoorLoc,11,RC-NoCoarseHeads,direct,clean,1111.0,8.799005508422852,7.13766622543335,11.554642677307127,11.152956485748293,16.84044647216797,20.858152389526367,0.1611161116111611,2972146,135.6269640000537,47,77
UJIIndoorLoc,11,RC-NoCoarseHeads,fused,clean,1111.0,8.251380998203723,6.510709731454473,11.03953969178887,10.513906975409023,15.819465847611507,20.270015561448425,0.1926192619261926,2972146,135.6269640000537,47,77
UJIIndoorLoc,11,RC-NoCoarseHeads,direct,device_offset_-6db,1111.0,9.118170738220217,7.501978397369385,11.77663516998291,11.416713237762451,16.878198623657227,20.967424392700195,0.1404140414041404,2972146,135.6269640000537,47,77
UJIIndoorLoc,11,RC-NoCoarseHeads,fused,device_offset_-6db,1111.0,8.687359917214847,6.891682862826075,11.444132956685474,10.819018853782149,16.497641589052833,20.787025608212232,0.1665166516651665,2972146,135.6269640000537,47,77
UJIIndoorLoc,11,RC-NoCoarseHeads,direct,persistent_bias_8db,1111.0,9.173575401306152,7.398442268371582,12.003897666931152,11.741706371307371,17.617197036743164,23.232187271118164,0.1449144914491449,2972146,135.6269640000537,47,77
UJIIndoorLoc,11,RC-NoCoarseHeads,fused,persistent_bias_8db,1111.0,8.617534335694494,6.727363554326051,11.402361115228238,11.193102277299118,16.621383598468043,21.5181671119064,0.189018901890189,2972146,135.6269640000537,47,77
UJIIndoorLoc,11,RC-NoCoarseHeads,direct,top20_outage,1111.0,26.535369873046875,13.04228401184082,43.05852890014648,27.884042739868164,73.4476089477539,110.15225982666016,0.0639063906390639,2972146,135.6269640000537,47,77
UJIIndoorLoc,11,RC-NoCoarseHeads,fused,top20_outage,1111.0,29.83995313729791,12.078978273832096,51.22970424556034,26.54162712210433,94.57958266012724,137.99161964761055,0.0837083708370837,2972146,135.6269640000537,47,77
UJIIndoorLoc,11,RC-NoCoarseHeads,direct,top20_outage_plus_bias4db,1111.0,26.786304473876957,12.90631103515625,43.35407638549805,27.963841438293457,73.65095520019531,110.52687072753906,0.0612061206120612,2972146,135.6269640000537,47,77
UJIIndoorLoc,11,RC-NoCoarseHeads,fused,top20_outage_plus_bias4db,1111.0,30.190303827830096,12.191203782479969,51.73374370950384,27.441243491900774,96.40052400314092,141.26537205613442,0.081008100810081,2972146,135.6269640000537,47,77
UJIIndoorLoc,11,RC-NoConsistency,direct,clean,1111.0,8.564866065979004,6.789523124694824,11.358135223388672,10.92149543762207,16.68852424621582,21.27202796936035,0.1656165616561656,2972146,1818.6418516000267,169,199
UJIIndoorLoc,11,RC-NoConsistency,fused,clean,1111.0,8.284803255704865,6.238373087508623,11.376033079269842,10.509727602533696,16.854406548437655,21.836300831239527,0.2178217821782178,2972146,1818.6418516000267,169,199
UJIIndoorLoc,11,RC-NoConsistency,direct,device_offset_-6db,1111.0,8.735885620117188,7.058796405792236,11.48190212249756,10.96505069732666,16.66779136657715,20.30893325805664,0.1485148514851485,2972146,1818.6418516000267,169,199
UJIIndoorLoc,11,RC-NoConsistency,fused,device_offset_-6db,1111.0,8.573176213304853,6.59510686506129,11.625105392289598,10.893611013246286,16.852190503836677,21.9120744605152,0.1917191719171917,2972146,1818.6418516000267,169,199
UJIIndoorLoc,11,RC-NoConsistency,direct,persistent_bias_8db,1111.0,8.981746673583984,7.288168430328369,11.754220008850098,11.54328203201294,17.662687301635742,21.944944381713867,0.1548154815481548,2972146,1818.6418516000267,169,199
UJIIndoorLoc,11,RC-NoConsistency,fused,persistent_bias_8db,1111.0,8.620402869827975,6.699452760792353,11.662961771636294,11.180582254220536,17.575406473812393,22.690121481890987,0.2052205220522052,2972146,1818.6418516000267,169,199
UJIIndoorLoc,11,RC-NoConsistency,direct,top20_outage,1111.0,24.061742782592773,11.999441146850586,40.24644470214844,26.108359336853027,62.066200256347656,94.30368423461914,0.0774077407740774,2972146,1818.6418516000267,169,199
UJIIndoorLoc,11,RC-NoConsistency,fused,top20_outage,1111.0,23.673911906596217,11.848051804738375,40.12452329129157,25.317479658561524,61.1552211672436,94.30368535346165,0.1089108910891089,2972146,1818.6418516000267,169,199
UJIIndoorLoc,11,RC-NoConsistency,direct,top20_outage_plus_bias4db,1111.0,23.92806434631348,12.010610580444336,39.87793731689453,25.070591926574707,63.601558685302734,90.3476333618164,0.0684068406840684,2972146,1818.6418516000267,169,199
UJIIndoorLoc,11,RC-NoConsistency,fused,top20_outage_plus_bias4db,1111.0,23.56469531240459,11.840417594507006,39.77619001231853,25.019007161153464,63.50565736642591,90.3476332022992,0.1071107110711071,2972146,1818.6418516000267,169,199
UJIIndoorLoc,11,RC-NoCorruption,direct,clean,1111.0,9.821303367614746,7.770292282104492,13.069768905639648,12.269346714019775,17.95102310180664,23.92990016937256,0.1206120612061206,2972146,197.0480579000432,106,136
UJIIndoorLoc,11,RC-NoCorruption,fused,clean,1111.0,8.896099295634528,6.732748469197511,12.332272624115609,11.203070372506245,17.41839164301961,23.998960399173647,0.1962196219621962,2972146,197.0480579000432,106,136
UJIIndoorLoc,11,RC-NoCorruption,direct,device_offset_-6db,1111.0,10.470303535461426,8.227498054504395,15.42176342010498,12.51402711868286,18.75477409362793,25.33496761322021,0.1053105310531053,2972146,197.0480579000432,106,136
UJIIndoorLoc,11,RC-NoCorruption,fused,device_offset_-6db,1111.0,9.59961402481477,7.124536310212389,15.07726314000199,11.559831177911995,18.12944753209116,25.528666099307337,0.1809180918091809,2972146,197.0480579000432,106,136
UJIIndoorLoc,11,RC-NoCorruption,direct,persistent_bias_8db,1111.0,10.376079559326172,8.518922805786133,13.688146591186523,13.177332878112791,18.93973922729492,25.7667875289917,0.099009900990099,2972146,197.0480579000432,106,136
UJIIndoorLoc,11,RC-NoCorruption,fused,persistent_bias_8db,1111.0,9.3372857921089,7.43534590677752,12.603988738227022,12.334817875735457,18.606838931148715,25.940255099027368,0.1854185418541854,2972146,197.0480579000432,106,136
UJIIndoorLoc,11,RC-NoCorruption,direct,top20_outage,1111.0,40.00893020629883,20.18148803710937,61.39297866821289,55.88572502136231,105.36790466308594,124.59734344482422,0.0441044104410441,2972146,197.0480579000432,106,136
UJIIndoorLoc,11,RC-NoCorruption,fused,top20_outage,1111.0,38.61117349789215,17.515173307922247,60.53480366255129,54.40397192460124,107.31680727442097,124.58966077739402,0.0774077407740774,2972146,197.0480579000432,106,136
UJIIndoorLoc,11,RC-NoCorruption,direct,top20_outage_plus_bias4db,1111.0,39.758544921875,19.59484100341797,60.87442779541016,55.02056312561035,105.84765625,124.62403869628906,0.0423042304230423,2972146,197.0480579000432,106,136
UJIIndoorLoc,11,RC-NoCorruption,fused,top20_outage_plus_bias4db,1111.0,38.1732402356886,17.879257982130927,59.900279530260136,52.96401741418281,106.35495656635848,124.65096026892051,0.0693069306930693,2972146,197.0480579000432,106,136
UJIIndoorLoc,11,RC-NoMask,direct,clean,1111.0,8.983987808227539,7.43896484375,11.601140975952148,11.225493431091309,16.391319274902344,20.915278434753414,0.1305130513051305,2856050,1083.0637427999172,61,91
UJIIndoorLoc,11,RC-NoMask,fused,clean,1111.0,8.305192093208557,6.651380261187511,11.181931952356692,10.755791107403136,15.42568219551096,20.11861936988124,0.198019801980198,2856050,1083.0637427999172,61,91
UJIIndoorLoc,11,RC-NoMask,direct,device_offset_-6db,1111.0,8.920417785644531,7.391458988189697,11.515336990356444,10.997541427612305,16.417455673217773,20.30070686340332,0.126012601260126,2856050,1083.0637427999172,61,91
UJIIndoorLoc,11,RC-NoMask,fused,device_offset_-6db,1111.0,8.521951941895434,6.80839166315042,11.526064004422382,10.723345042131664,16.249243170808416,20.45671334351228,0.1809180918091809,2856050,1083.0637427999172,61,91
UJIIndoorLoc,11,RC-NoMask,direct,persistent_bias_8db,1111.0,9.411517143249512,7.710544109344482,12.017274856567385,11.773509502410889,17.589502334594727,21.889718055725098,0.1161116111611161,2856050,1083.0637427999172,61,91
UJIIndoorLoc,11,RC-NoMask,fused,persistent_bias_8db,1111.0,8.675376285459144,6.882279969577174,11.51109734276329,11.21734868183458,16.793643209519377,21.49378951268069,0.1602160216021602,2856050,1083.0637427999172,61,91
UJIIndoorLoc,11,RC-NoMask,direct,top20_outage,1111.0,25.75412368774414,13.106071472167969,41.75846099853516,27.38399124145508,69.18729400634766,103.5685920715332,0.0621062106210621,2856050,1083.0637427999172,61,91
UJIIndoorLoc,11,RC-NoMask,fused,top20_outage,1111.0,25.315940272926,12.902610203794207,41.66712888732622,26.80278167383198,70.40219913381668,103.56859387805628,0.0882088208820882,2856050,1083.0637427999172,61,91
UJIIndoorLoc,11,RC-NoMask,direct,top20_outage_plus_bias4db,1111.0,25.726327896118164,13.074422836303713,41.44054412841797,27.622286796569824,68.11544036865234,105.24792098999023,0.0576057605760576,2856050,1083.0637427999172,61,91
UJIIndoorLoc,11,RC-NoMask,fused,top20_outage_plus_bias4db,1111.0,25.22899038233192,12.591229117668144,41.32450849429539,26.932477989824235,68.11543837475052,105.24792194108002,0.0855085508550855,2856050,1083.0637427999172,61,91
UJIIndoorLoc,11,RC-NoReconstruction,direct,clean,1111.0,8.461345672607422,6.711411476135254,11.06543254852295,10.78009557723999,16.42302131652832,20.89761257171631,0.1647164716471647,2734698,1193.8847600000445,147,177
UJIIndoorLoc,11,RC-NoReconstruction,fused,clean,1111.0,8.283934314341513,6.537915073295958,11.001576524062529,10.52026511997196,16.42302046536586,21.400738577451506,0.1953195319531953,2734698,1193.8847600000445,147,177
UJIIndoorLoc,11,RC-NoReconstruction,direct,device_offset_-6db,1111.0,8.547652244567871,7.035367965698242,11.117541313171388,10.884557723999023,16.338802337646484,20.332386016845703,0.1647164716471647,2734698,1193.8847600000445,147,177
UJIIndoorLoc,11,RC-NoReconstruction,fused,device_offset_-6db,1111.0,8.384944901528417,6.787941509801828,11.087882818699915,10.776262587619511,16.106639729744657,20.69664344608969,0.1908190819081908,2734698,1193.8847600000445,147,177
UJIIndoorLoc,11,RC-NoReconstruction,direct,persistent_bias_8db,1111.0,8.952133178710938,7.259124279022217,11.574928283691406,11.526150226593018,17.430187225341797,22.0032320022583,0.153015301530153,2734698,1193.8847600000445,147,177
UJIIndoorLoc,11,RC-NoReconstruction,fused,persistent_bias_8db,1111.0,8.800562069039202,7.040771293898072,11.56230006607884,11.42344482245041,17.430186176903398,22.235452036919547,0.1773177317731773,2734698,1193.8847600000445,147,177
UJIIndoorLoc,11,RC-NoReconstruction,direct,top20_outage,1111.0,27.767921447753903,11.500317573547363,47.475807189941406,28.628480911254883,84.43408966064453,122.45363235473631,0.0963096309630963,2734698,1193.8847600000445,147,177
UJIIndoorLoc,11,RC-NoReconstruction,fused,top20_outage,1111.0,27.517859669133177,11.49484254416421,47.17452496042114,28.420704060696348,84.73698623013031,121.57989343257158,0.1161116111611161,2734698,1193.8847600000445,147,177
UJIIndoorLoc,11,RC-NoReconstruction,direct,top20_outage_plus_bias4db,1111.0,27.71061134338379,11.581350326538086,47.33824157714844,28.539259910583496,84.75202178955078,123.37982177734376,0.0945094509450945,2734698,1193.8847600000445,147,177
UJIIndoorLoc,11,RC-NoReconstruction,fused,top20_outage_plus_bias4db,1111.0,27.46185307957425,11.603319121159112,47.09054044103915,28.44174352636594,84.92175230958773,122.28288476831744,0.1107110711071107,2734698,1193.8847600000445,147,177
UJIIndoorLoc,22,RC-NoAugCoord,direct,clean,1111.0,10.102149963378906,8.22352409362793,12.789836883544922,12.929226875305176,18.59036636352539,23.499295234680176,0.09000900090009,2972146,105.53757060016504,29,59
UJIIndoorLoc,22,RC-NoAugCoord,fused,clean,1111.0,8.739291859337984,6.699430617192824,11.872971043488684,11.236749071372031,17.455343762839682,23.03705553388087,0.189018901890189,2972146,105.53757060016504,29,59
UJIIndoorLoc,22,RC-NoAugCoord,direct,device_offset_-6db,1111.0,10.026023864746094,8.192220687866211,12.757210731506348,12.595177173614502,18.371604919433597,23.518701553344727,0.1017101710171017,2972146,105.53757060016504,29,59
UJIIndoorLoc,22,RC-NoAugCoord,fused,device_offset_-6db,1111.0,8.900534038635309,6.820194408849099,12.091642139789595,11.494091405321008,17.392235008766374,23.209695959005145,0.1935193519351935,2972146,105.53757060016504,29,59
UJIIndoorLoc,22,RC-NoAugCoord,direct,persistent_bias_8db,1111.0,10.58779525756836,8.632549285888672,13.295697212219238,13.58624792098999,19.36732292175293,24.559760093688965,0.0981098109810981,2972146,105.53757060016504,29,59
UJIIndoorLoc,22,RC-NoAugCoord,fused,persistent_bias_8db,1111.0,9.096593082676012,7.012280393297652,12.18552139134521,12.23122347215966,18.20891355259309,23.36168548209298,0.1863186318631863,2972146,105.53757060016504,29,59
UJIIndoorLoc,22,RC-NoAugCoord,direct,top20_outage,1111.0,35.193843841552734,15.179821968078612,58.7542724609375,29.68066120147705,119.0999526977539,156.19239807128906,0.0324032403240324,2972146,105.53757060016504,29,59
UJIIndoorLoc,22,RC-NoAugCoord,fused,top20_outage,1111.0,33.69825895782471,13.376807603164016,58.032464982970886,29.692711687085257,117.44615378173984,150.62894764925028,0.0936093609360936,2972146,105.53757060016504,29,59
UJIIndoorLoc,22,RC-NoAugCoord,direct,top20_outage_plus_bias4db,1111.0,35.233890533447266,15.219531059265137,58.61891174316406,29.828063011169437,117.6074676513672,153.51785278320312,0.0342034203420342,2972146,105.53757060016504,29,59
UJIIndoorLoc,22,RC-NoAugCoord,fused,top20_outage_plus_bias4db,1111.0,33.96412467659443,13.61814697527164,58.10621406628183,30.63082580385513,118.62298565956009,150.15385626920005,0.0936093609360936,2972146,105.53757060016504,29,59
UJIIndoorLoc,22,RC-NoCoarseHeads,direct,clean,1111.0,8.020010948181152,5.9965667724609375,10.84392261505127,10.197706699371338,16.5,21.32148838043213,0.2079207920792079,2972146,359.39325759978965,184,200
UJIIndoorLoc,22,RC-NoCoarseHeads,fused,clean,1111.0,7.809760855276447,5.814166970859132,10.639622317377922,9.903137150816097,16.14036322785623,20.523378639437546,0.2196219621962196,2972146,359.39325759978965,184,200
UJIIndoorLoc,22,RC-NoCoarseHeads,direct,device_offset_-6db,1111.0,8.311775207519531,6.513911724090576,11.084640502929688,10.51024341583252,16.2493896484375,20.66639709472656,0.1809180918091809,2972146,359.39325759978965,184,200
UJIIndoorLoc,22,RC-NoCoarseHeads,fused,device_offset_-6db,1111.0,8.11085297318857,6.337439233772938,10.906087127024216,10.403986659318928,15.856409840346185,19.86475873503144,0.1863186318631863,2972146,359.39325759978965,184,200
UJIIndoorLoc,22,RC-NoCoarseHeads,direct,persistent_bias_8db,1111.0,8.685028076171875,6.544532775878906,11.62770652770996,11.038660049438477,17.378400802612305,22.80872631072998,0.1746174617461746,2972146,359.39325759978965,184,200
UJIIndoorLoc,22,RC-NoCoarseHeads,fused,persistent_bias_8db,1111.0,8.421314913685428,6.37819489757462,11.3662445879869,10.730806287301426,16.98921731074719,22.60331875335523,0.2007200720072007,2972146,359.39325759978965,184,200
UJIIndoorLoc,22,RC-NoCoarseHeads,direct,top20_outage,1111.0,39.44795989990234,12.489523887634276,81.50653076171875,29.01816177368164,119.17696380615234,168.67247772216797,0.0927092709270927,2972146,359.39325759978965,184,200
UJIIndoorLoc,22,RC-NoCoarseHeads,fused,top20_outage,1111.0,39.22816382231036,12.133037616054622,81.73896982217063,28.554596794392136,115.059717659786,166.81085302777825,0.1044104410441044,2972146,359.39325759978965,184,200
UJIIndoorLoc,22,RC-NoCoarseHeads,direct,top20_outage_plus_bias4db,1111.0,39.18233489990234,12.183636665344238,80.6082763671875,29.52583599090576,117.88640594482422,166.31761932373047,0.1044104410441044,2972146,359.39325759978965,184,200
UJIIndoorLoc,22,RC-NoCoarseHeads,fused,top20_outage_plus_bias4db,1111.0,39.00600186761566,12.00555713682873,80.90717116138288,28.784636234349527,118.23032433574444,165.64623903718672,0.1152115211521152,2972146,359.39325759978965,184,200
UJIIndoorLoc,22,RC-NoConsistency,direct,clean,1111.0,9.331438064575195,7.501489162445068,12.081501960754396,12.005049228668211,18.31846046447754,23.48428249359131,0.1305130513051305,2972146,177.01097070006654,72,102
UJIIndoorLoc,22,RC-NoConsistency,fused,clean,1111.0,8.55872615493173,6.377805279482273,11.541395749975964,11.113329309712286,17.614909325631658,22.550117643505143,0.2025202520252025,2972146,177.01097070006654,72,102
UJIIndoorLoc,22,RC-NoConsistency,direct,device_offset_-6db,1111.0,9.376328468322754,7.78327465057373,12.17106819152832,11.824504375457764,17.53594398498535,22.461827278137207,0.1386138613861386,2972146,177.01097070006654,72,102
UJIIndoorLoc,22,RC-NoConsistency,fused,device_offset_-6db,1111.0,8.70452322342982,6.598431812371166,11.78384380676654,11.183179929731718,17.479884283698148,22.08289009919829,0.1971197119711971,2972146,177.01097070006654,72,102
UJIIndoorLoc,22,RC-NoConsistency,direct,persistent_bias_8db,1111.0,9.850378036499023,7.830523490905762,12.68169116973877,13.004631996154783,19.274452209472656,23.94115161895752,0.1314131413141314,2972146,177.01097070006654,72,102
UJIIndoorLoc,22,RC-NoConsistency,fused,persistent_bias_8db,1111.0,9.044710420200303,6.868619798135654,12.070230124927756,12.120203318030136,18.726084404270424,22.934317125186297,0.1845184518451845,2972146,177.01097070006654,72,102
UJIIndoorLoc,22,RC-NoConsistency,direct,top20_outage,1111.0,33.324153900146484,15.516139030456545,54.24101257324219,34.080135345458984,101.42668151855467,137.47249603271484,0.0513051305130513,2972146,177.01097070006654,72,102
UJIIndoorLoc,22,RC-NoConsistency,fused,top20_outage,1111.0,32.40988912910706,14.067251021705635,54.11906491599866,32.24540432195842,101.42668330164057,137.47249266630706,0.0882088208820882,2972146,177.01097070006654,72,102
UJIIndoorLoc,22,RC-NoConsistency,direct,top20_outage_plus_bias4db,1111.0,33.06441116333008,15.187736511230469,53.82846832275391,33.19241905212402,99.82373809814452,137.1261215209961,0.0486048604860486,2972146,177.01097070006654,72,102
UJIIndoorLoc,22,RC-NoConsistency,fused,top20_outage_plus_bias4db,1111.0,32.1487877649553,14.561307004813036,53.56805873398147,32.00593716603701,98.83571371864734,137.12611592585085,0.0837083708370837,2972146,177.01097070006654,72,102
UJIIndoorLoc,22,RC-NoCorruption,direct,clean,1111.0,9.53834342956543,7.199357032775879,13.37587547302246,11.986909866333008,18.877092361450195,24.48805427551269,0.1692169216921692,2972146,285.3479163998272,177,200
UJIIndoorLoc,22,RC-NoCorruption,fused,clean,1111.0,8.949890040565103,6.513293324424435,12.794338233493187,10.816209937199323,18.20879140024273,24.610418375125835,0.2106210621062106,2972146,285.3479163998272,177,200
UJIIndoorLoc,22,RC-NoCorruption,direct,device_offset_-6db,1111.0,10.289180755615234,7.523270130157471,15.3646879196167,12.42823600769043,19.653053283691406,27.028289794921875,0.1503150315031503,2972146,285.3479163998272,177,200
UJIIndoorLoc,22,RC-NoCorruption,fused,device_offset_-6db,1111.0,9.712939134365154,6.809093389035661,14.84837435221006,11.500962811093492,18.992841411316054,26.49170599550789,0.189018901890189,2972146,285.3479163998272,177,200
UJIIndoorLoc,22,RC-NoCorruption,direct,persistent_bias_8db,1111.0,10.024099349975586,7.513853073120117,13.960789680480955,12.495121002197266,19.684221267700195,26.40235996246338,0.153015301530153,2972146,285.3479163998272,177,200
UJIIndoorLoc,22,RC-NoCorruption,fused,persistent_bias_8db,1111.0,9.340572693974991,6.758646112110931,13.2218846462249,11.676773036469957,18.20212056666566,24.886544590699465,0.1881188118811881,2972146,285.3479163998272,177,200
UJIIndoorLoc,22,RC-NoCorruption,direct,top20_outage,1111.0,54.3409309387207,20.31877326965332,80.92743682861328,91.26970672607422,156.84561157226562,170.67605590820312,0.0396039603960396,2972146,285.3479163998272,177,200
UJIIndoorLoc,22,RC-NoCorruption,fused,top20_outage,1111.0,54.34400468207153,18.65133707395344,82.35752197448944,98.7176547122521,163.456369410852,175.0500301606384,0.0531053105310531,2972146,285.3479163998272,177,200
UJIIndoorLoc,22,RC-NoCorruption,direct,top20_outage_plus_bias4db,1111.0,53.6613655090332,20.497467041015625,80.42289733886719,89.242431640625,156.45529174804688,171.05860900878906,0.0423042304230423,2972146,285.3479163998272,177,200
UJIIndoorLoc,22,RC-NoCorruption,fused,top20_outage_plus_bias4db,1111.0,53.64714599917991,18.55651510643954,81.91886407991295,97.05736124336944,164.0043529651298,173.9952425353103,0.0567056705670567,2972146,285.3479163998272,177,200
UJIIndoorLoc,22,RC-NoMask,direct,clean,1111.0,8.551340103149414,6.703188896179199,11.46310806274414,10.855218887329102,16.70811653137207,22.79997730255127,0.1899189918991899,2856050,353.980434200028,188,200
UJIIndoorLoc,22,RC-NoMask,fused,clean,1111.0,8.357751638611113,6.5887527098060925,11.262107763216488,10.521135252998002,16.22347108315229,22.46129688054569,0.2052205220522052,2856050,353.980434200028,188,200
UJIIndoorLoc,22,RC-NoMask,direct,device_offset_-6db,1111.0,8.465910911560059,6.745120048522949,11.221843719482422,10.613842010498049,16.403104782104492,20.925652503967285,0.1647164716471647,2856050,353.980434200028,188,200
UJIIndoorLoc,22,RC-NoMask,fused,device_offset_-6db,1111.0,8.348474281434171,6.525343938247742,11.13926315979044,10.465381641373485,16.33684268632925,21.01244026753397,0.1782178217821782,2856050,353.980434200028,188,200
UJIIndoorLoc,22,RC-NoMask,direct,persistent_bias_8db,1111.0,8.923477172851562,6.922926902770996,11.86706829071045,11.4837064743042,17.931623458862305,24.087495803833008,0.1656165616561656,2856050,353.980434200028,188,200
UJIIndoorLoc,22,RC-NoMask,fused,persistent_bias_8db,1111.0,8.692235436472657,6.685534265713617,11.56419803166499,10.94940670128765,17.32983534456494,23.45546866050324,0.1818181818181818,2856050,353.980434200028,188,200
UJIIndoorLoc,22,RC-NoMask,direct,top20_outage,1111.0,29.81057357788086,12.341192245483398,51.54166793823242,28.095728874206543,95.62017822265624,132.3170928955078,0.0909090909090909,2856050,353.980434200028,188,200
UJIIndoorLoc,22,RC-NoMask,fused,top20_outage,1111.0,29.53260229159576,12.000035349116787,51.50483104509665,27.40264849345853,96.0126775073263,132.2461725329011,0.0927092709270927,2856050,353.980434200028,188,200
UJIIndoorLoc,22,RC-NoMask,direct,top20_outage_plus_bias4db,1111.0,31.11610412597656,12.47557258605957,54.78305816650391,28.779351234436035,98.24261474609376,143.08322143554688,0.0747074707470747,2856050,353.980434200028,188,200
UJIIndoorLoc,22,RC-NoMask,fused,top20_outage_plus_bias4db,1111.0,30.807652369483936,11.978198271401368,54.655360666338346,27.46814110078489,98.62348025466616,143.6008880523678,0.09000900090009,2856050,353.980434200028,188,200
UJIIndoorLoc,22,RC-NoReconstruction,direct,clean,1111.0,8.436198234558105,6.742218494415283,11.247313499450684,10.995612621307371,16.50978660583496,22.154693603515625,0.2007200720072007,2734698,339.2640901999548,196,200
UJIIndoorLoc,22,RC-NoReconstruction,fused,clean,1111.0,8.36781109986123,6.525777924595153,11.208511125917491,10.956718180781484,16.5092334993253,22.15469341836406,0.2079207920792079,2734698,339.2640901999548,196,200
UJIIndoorLoc,22,RC-NoReconstruction,direct,device_offset_-6db,1111.0,8.465967178344727,6.749399662017822,11.18033504486084,10.890065670013428,16.362842559814453,21.63354778289795,0.1809180918091809,2734698,339.2640901999548,196,200
UJIIndoorLoc,22,RC-NoReconstruction,fused,device_offset_-6db,1111.0,8.399228872910975,6.697703358609015,11.148640265906318,10.767269133846272,16.36284369682546,21.69543436931884,0.1836183618361836,2734698,339.2640901999548,196,200
UJIIndoorLoc,22,RC-NoReconstruction,direct,persistent_bias_8db,1111.0,8.906365394592285,6.673633098602295,11.904964447021484,11.682806015014648,17.993764877319336,23.11192512512207,0.1809180918091809,2734698,339.2640901999548,196,200
UJIIndoorLoc,22,RC-NoReconstruction,fused,persistent_bias_8db,1111.0,8.84430053836145,6.523624623064715,11.865215769421512,11.682805778033504,18.060075352956183,22.81696161535032,0.1872187218721872,2734698,339.2640901999548,196,200
UJIIndoorLoc,22,RC-NoReconstruction,direct,top20_outage,1111.0,32.674434661865234,12.49413776397705,62.68812942504883,26.11262798309326,93.32364654541016,162.89739227294922,0.0774077407740774,2734698,339.2640901999548,196,200
UJIIndoorLoc,22,RC-NoReconstruction,fused,top20_outage,1111.0,32.62925092270235,12.254203162884227,62.79896803461624,25.905525755721374,93.85191010322694,162.89739977324143,0.0855085508550855,2734698,339.2640901999548,196,200
UJIIndoorLoc,22,RC-NoReconstruction,direct,top20_outage_plus_bias4db,1111.0,32.14049530029297,12.54614543914795,60.957618713378906,26.036623001098636,93.30194091796876,158.33029174804688,0.0819081908190819,2734698,339.2640901999548,196,200
UJIIndoorLoc,22,RC-NoReconstruction,fused,top20_outage_plus_bias4db,1111.0,32.13514570703514,12.546145986848163,61.09465574456739,26.20077598457813,93.30193743804897,158.33029160176488,0.0891089108910891,2734698,339.2640901999548,196,200
UJIIndoorLoc,33,RC-NoAugCoord,direct,clean,1111.0,8.538443565368652,6.769376754760742,11.276866912841797,11.200782775878906,16.906068801879883,21.367051124572757,0.1935193519351935,2972146,1612.9607649000827,166,196
UJIIndoorLoc,33,RC-NoAugCoord,fused,clean,1111.0,8.164233451818912,6.233390013353211,11.00270531216362,10.70985419427207,15.44227403573894,21.313393301852656,0.2097209720972097,2972146,1612.9607649000827,166,196
UJIIndoorLoc,33,RC-NoAugCoord,direct,device_offset_-6db,1111.0,8.755879402160645,7.094692230224609,11.44382095336914,11.433672428131104,16.480283737182617,20.394221305847168,0.1656165616561656,2972146,1612.9607649000827,166,196
UJIIndoorLoc,33,RC-NoAugCoord,fused,device_offset_-6db,1111.0,8.513151912150194,6.615700062668744,11.351434717878664,11.140040250692918,16.02002769646814,21.31613423516153,0.1755175517551755,2972146,1612.9607649000827,166,196
UJIIndoorLoc,33,RC-NoAugCoord,direct,persistent_bias_8db,1111.0,8.830543518066406,7.07367467880249,11.579575538635254,11.596651554107666,17.427265167236328,21.51023769378662,0.1728172817281728,2972146,1612.9607649000827,166,196
UJIIndoorLoc,33,RC-NoAugCoord,fused,persistent_bias_8db,1111.0,8.402258533408348,6.607786293107285,11.258790888045816,11.076951707007822,16.330580314072716,20.96013236590485,0.1881188118811881,2972146,1612.9607649000827,166,196
UJIIndoorLoc,33,RC-NoAugCoord,direct,top20_outage,1111.0,33.417442321777344,13.249491691589355,59.07976913452149,28.86236000061035,107.70294952392578,152.22288513183594,0.0729072907290729,2972146,1612.9607649000827,166,196
UJIIndoorLoc,33,RC-NoAugCoord,fused,top20_outage,1111.0,32.25627848790612,12.376831709199996,57.89627843605775,27.944193405206057,106.561281301133,146.91028632775965,0.0819081908190819,2972146,1612.9607649000827,166,196
UJIIndoorLoc,33,RC-NoAugCoord,direct,top20_outage_plus_bias4db,1111.0,33.55984878540039,12.9191312789917,59.85969924926758,28.82272434234619,112.1761474609375,153.25516510009766,0.0729072907290729,2972146,1612.9607649000827,166,196
UJIIndoorLoc,33,RC-NoAugCoord,fused,top20_outage_plus_bias4db,1111.0,32.27274017703408,11.84657937223311,58.45659173579941,26.869119013469003,110.81769056700098,146.42451818647172,0.0837083708370837,2972146,1612.9607649000827,166,196
UJIIndoorLoc,33,RC-NoCoarseHeads,direct,clean,1111.0,8.4533109664917,6.381988048553467,11.626678466796877,10.741807460784912,16.76392936706543,22.047205924987797,0.1944194419441944,2972146,1014.3396523001138,87,117
UJIIndoorLoc,33,RC-NoCoarseHeads,fused,clean,1111.0,8.064052311130997,5.943385024825434,11.341595451880384,10.114904489979793,15.743934590191186,21.3445075878033,0.2142214221422142,2972146,1014.3396523001138,87,117
UJIIndoorLoc,33,RC-NoCoarseHeads,direct,device_offset_-6db,1111.0,8.98848819732666,6.956684589385986,12.664239883422852,11.294062614440918,17.172714233398438,21.064398765563965,0.162016201620162,2972146,1014.3396523001138,87,117
UJIIndoorLoc,33,RC-NoCoarseHeads,fused,device_offset_-6db,1111.0,8.632696925340973,6.620572358376873,12.56725057675256,10.543907747813291,16.53445520121487,21.38740098436332,0.1872187218721872,2972146,1014.3396523001138,87,117
UJIIndoorLoc,33,RC-NoCoarseHeads,direct,persistent_bias_8db,1111.0,8.622180938720703,6.529290199279785,11.485150337219238,11.118882179260254,17.732067108154297,22.42726707458496,0.1665166516651665,2972146,1014.3396523001138,87,117
UJIIndoorLoc,33,RC-NoCoarseHeads,fused,persistent_bias_8db,1111.0,8.233217086037877,6.090627228233263,11.251326765577083,10.51687315687212,16.408331795655066,21.397344891422,0.2088208820882088,2972146,1014.3396523001138,87,117
UJIIndoorLoc,33,RC-NoCoarseHeads,direct,top20_outage,1111.0,29.07665061950684,13.087882995605469,52.459083557128906,30.3264217376709,76.6790771484375,113.94969177246094,0.0792079207920792,2972146,1014.3396523001138,87,117
UJIIndoorLoc,33,RC-NoCoarseHeads,fused,top20_outage,1111.0,27.898990498414392,12.508669520492944,51.13139364947887,29.14283277352165,72.20775558602669,110.824885758053,0.1008100810081008,2972146,1014.3396523001138,87,117
UJIIndoorLoc,33,RC-NoCoarseHeads,direct,top20_outage_plus_bias4db,1111.0,29.07529067993164,12.898664474487305,52.838844299316406,29.58040714263916,76.2894058227539,114.78265380859376,0.0738073807380738,2972146,1014.3396523001138,87,117
UJIIndoorLoc,33,RC-NoCoarseHeads,fused,top20_outage_plus_bias4db,1111.0,27.985408936153632,12.274130376824578,51.822821275548,29.389679981225672,73.81006346848048,109.7389288030243,0.1071107110711071,2972146,1014.3396523001138,87,117
UJIIndoorLoc,33,RC-NoConsistency,direct,clean,1111.0,8.676374435424805,6.997554302215576,11.381437301635742,11.00807237625122,16.908092498779297,20.628700256347656,0.1566156615661566,2972146,1379.8429425000213,166,196
UJIIndoorLoc,33,RC-NoConsistency,fused,clean,1111.0,8.226605011335442,6.34833774393834,11.312027119335836,10.370189301337064,15.977593410088692,20.175722867415693,0.1926192619261926,2972146,1379.8429425000213,166,196
UJIIndoorLoc,33,RC-NoConsistency,direct,device_offset_-6db,1111.0,8.929122924804688,7.3971781730651855,11.53463077545166,11.053339004516602,16.587665557861328,20.23739719390869,0.1359135913591359,2972146,1379.8429425000213,166,196
UJIIndoorLoc,33,RC-NoConsistency,fused,device_offset_-6db,1111.0,8.610338501868505,6.7740779121382415,11.63572256840872,10.611239657500985,15.971342749688398,21.10357143826097,0.162016201620162,2972146,1379.8429425000213,166,196
UJIIndoorLoc,33,RC-NoConsistency,direct,persistent_bias_8db,1111.0,9.054339408874512,7.311862945556641,11.756811141967772,11.594809532165527,17.221302032470703,21.92946434020996,0.1431143114311431,2972146,1379.8429425000213,166,196
UJIIndoorLoc,33,RC-NoConsistency,fused,persistent_bias_8db,1111.0,8.545641908222422,6.7481620066139385,11.547316548577053,10.946479808678266,16.272911089377725,20.901454449706648,0.1656165616561656,2972146,1379.8429425000213,166,196
UJIIndoorLoc,33,RC-NoConsistency,direct,top20_outage,1111.0,28.36109733581543,12.58082103729248,50.95098876953125,27.34021472930908,83.52003479003906,124.44465255737305,0.0846084608460846,2972146,1379.8429425000213,166,196
UJIIndoorLoc,33,RC-NoConsistency,fused,top20_outage,1111.0,26.28597998553761,11.631281336543372,47.88661256777122,25.37724212162194,71.58330003613113,106.53167502507756,0.0981098109810981,2972146,1379.8429425000213,166,196
UJIIndoorLoc,33,RC-NoConsistency,direct,top20_outage_plus_bias4db,1111.0,28.64690399169922,12.653569221496582,51.41761779785156,27.42946529388428,85.90865325927734,126.58460998535156,0.0729072907290729,2972146,1379.8429425000213,166,196
UJIIndoorLoc,33,RC-NoConsistency,fused,top20_outage_plus_bias4db,1111.0,26.43448800484205,11.870437852916703,48.195379519746176,24.96782607397251,72.59742805046011,109.04131303643469,0.09000900090009,2972146,1379.8429425000213,166,196
UJIIndoorLoc,33,RC-NoCorruption,direct,clean,1111.0,9.607843399047852,7.49175214767456,13.229734420776367,11.97755527496338,19.08223533630371,23.84541606903076,0.144014401440144,2972146,1130.8043345999904,173,200
UJIIndoorLoc,33,RC-NoCorruption,fused,clean,1111.0,8.896308383605142,6.65648215755725,12.59690466525863,10.901594088470972,17.590764314526893,23.555571658797952,0.1809180918091809,2972146,1130.8043345999904,173,200
UJIIndoorLoc,33,RC-NoCorruption,direct,device_offset_-6db,1111.0,10.177223205566406,7.9478864669799805,14.008627891540527,12.421404361724854,20.26997756958008,25.543540000915527,0.1422142214221422,2972146,1130.8043345999904,173,200
UJIIndoorLoc,33,RC-NoCorruption,fused,device_offset_-6db,1111.0,9.569072836711136,7.158847182856388,13.621941377090277,11.73876388237563,19.002823219794365,26.26050549242065,0.18001800180018,2972146,1130.8043345999904,173,200
UJIIndoorLoc,33,RC-NoCorruption,direct,persistent_bias_8db,1111.0,9.939105987548828,7.951316833496094,13.459479331970217,12.499504089355469,19.2954158782959,24.540406227111816,0.1314131413141314,2972146,1130.8043345999904,173,200
UJIIndoorLoc,33,RC-NoCorruption,fused,persistent_bias_8db,1111.0,9.175638278436711,6.971450440676798,12.83145347819202,11.618859605954842,17.916944781255733,24.76664679630996,0.1674167416741674,2972146,1130.8043345999904,173,200
UJIIndoorLoc,33,RC-NoCorruption,direct,top20_outage,1111.0,60.80141067504883,27.09667015075684,86.86662292480469,110.90595626831056,156.60655212402344,168.62496948242188,0.0387038703870387,2972146,1130.8043345999904,173,200
UJIIndoorLoc,33,RC-NoCorruption,fused,top20_outage,1111.0,56.205075655129846,23.42737358800448,83.12901017624195,95.64268517142597,143.69589199366456,170.43399191071543,0.0549054905490549,2972146,1130.8043345999904,173,200
UJIIndoorLoc,33,RC-NoCorruption,direct,top20_outage_plus_bias4db,1111.0,59.53788757324219,24.854490280151367,85.40087890625,106.72425079345705,154.19532775878906,167.4889907836914,0.0306030603060306,2972146,1130.8043345999904,173,200
UJIIndoorLoc,33,RC-NoCorruption,fused,top20_outage_plus_bias4db,1111.0,54.67554065487033,22.99676657162629,81.14566603755787,91.13655529853828,142.9295628030207,167.8767037207973,0.0504050405040504,2972146,1130.8043345999904,173,200
UJIIndoorLoc,33,RC-NoMask,direct,clean,1111.0,8.618598937988281,6.88982629776001,11.347963333129885,10.826047420501707,16.64472770690918,21.141828536987305,0.1557155715571557,2856050,1305.43540200009,165,195
UJIIndoorLoc,33,RC-NoMask,fused,clean,1111.0,8.352443320872444,6.655823880266838,11.120205801466309,10.517982290524753,16.052528112256027,20.175521113063148,0.1656165616561656,2856050,1305.43540200009,165,195
UJIIndoorLoc,33,RC-NoMask,direct,device_offset_-6db,1111.0,8.795369148254395,7.067994117736816,11.468398094177246,11.0859956741333,15.780930519104004,20.50210475921631,0.1458145814581458,2856050,1305.43540200009,165,195
UJIIndoorLoc,33,RC-NoMask,fused,device_offset_-6db,1111.0,8.589230576561464,7.087852958105019,11.325697351366932,10.663756103086332,15.784335477935992,20.490930978498152,0.1593159315931593,2856050,1305.43540200009,165,195
UJIIndoorLoc,33,RC-NoMask,direct,persistent_bias_8db,1111.0,8.760297775268555,7.093803405761719,11.485695838928224,11.224000930786133,16.811723709106445,21.3106107711792,0.1593159315931593,2856050,1305.43540200009,165,195
UJIIndoorLoc,33,RC-NoMask,fused,persistent_bias_8db,1111.0,8.518068378041729,6.835316346514891,11.247394453354245,10.69734131260874,15.827532177336618,20.813018879488556,0.1746174617461746,2856050,1305.43540200009,165,195
UJIIndoorLoc,33,RC-NoMask,direct,top20_outage,1111.0,32.87525939941406,12.522497177124023,58.49040603637695,28.93010139465332,108.0007095336914,152.12773895263672,0.0693069306930693,2856050,1305.43540200009,165,195
UJIIndoorLoc,33,RC-NoMask,fused,top20_outage,1111.0,31.766221130588203,12.00626623198631,56.603667085193536,27.86423433898062,99.79487262241612,146.5131933123612,0.072007200720072,2856050,1305.43540200009,165,195
UJIIndoorLoc,33,RC-NoMask,direct,top20_outage_plus_bias4db,1111.0,33.03365707397461,12.64155387878418,59.5932731628418,28.644185066223145,109.93165588378906,158.74681091308594,0.0765076507650765,2856050,1305.43540200009,165,195
UJIIndoorLoc,33,RC-NoMask,fused,top20_outage_plus_bias4db,1111.0,31.870913955097546,11.958646049553224,57.42446887811699,27.289250414859115,100.5407809882577,152.1829257902474,0.0846084608460846,2856050,1305.43540200009,165,195
UJIIndoorLoc,33,RC-NoReconstruction,direct,clean,1111.0,8.674230575561523,6.69515323638916,11.504964828491213,11.009372234344482,17.047225952148438,22.10086154937744,0.1647164716471647,2734698,1454.7540963999927,173,200
UJIIndoorLoc,33,RC-NoReconstruction,fused,clean,1111.0,8.089882642373823,6.134207880694155,11.05938413476561,10.49270536065435,15.879777354690264,21.028104634600528,0.2295229522952295,2734698,1454.7540963999927,173,200
UJIIndoorLoc,33,RC-NoReconstruction,direct,device_offset_-6db,1111.0,8.803762435913086,7.039665222167969,11.602262496948242,11.241130352020264,16.877338409423828,21.43968105316162,0.1584158415841584,2734698,1454.7540963999927,173,200
UJIIndoorLoc,33,RC-NoReconstruction,fused,device_offset_-6db,1111.0,8.324142444151217,6.550182990483403,11.267629795925023,10.63915776384675,16.277505582912752,21.08996372489876,0.2124212421242124,2734698,1454.7540963999927,173,200
UJIIndoorLoc,33,RC-NoReconstruction,direct,persistent_bias_8db,1111.0,8.938285827636719,7.026601314544678,11.72778034210205,11.529698848724363,17.51951026916504,22.421042442321777,0.1521152115211521,2734698,1454.7540963999927,173,200
UJIIndoorLoc,33,RC-NoReconstruction,fused,persistent_bias_8db,1111.0,8.413632149670871,6.508335952830171,11.33691041381164,10.477323736230815,16.470273173648692,21.72056547121673,0.1944194419441944,2734698,1454.7540963999927,173,200
UJIIndoorLoc,33,RC-NoReconstruction,direct,top20_outage,1111.0,31.46007537841797,12.509513854980469,59.72406005859375,28.067578315734863,92.91868591308594,136.97573852539062,0.0819081908190819,2734698,1454.7540963999927,173,200
UJIIndoorLoc,33,RC-NoReconstruction,fused,top20_outage,1111.0,30.68369828001149,12.28552704835693,58.76642493516611,27.444431116608914,90.99185051949384,136.48172623195214,0.1152115211521152,2734698,1454.7540963999927,173,200
UJIIndoorLoc,33,RC-NoReconstruction,direct,top20_outage_plus_bias4db,1111.0,32.005767822265625,12.483720779418944,61.12647247314453,27.986058235168457,97.20465850830078,143.55498504638672,0.0819081908190819,2734698,1454.7540963999927,173,200
UJIIndoorLoc,33,RC-NoReconstruction,fused,top20_outage_plus_bias4db,1111.0,31.229277921642517,12.18206162162575,60.25494170427922,27.42733935432187,96.1108829973493,141.4941205489492,0.1143114311431143,2734698,1454.7540963999927,173,200
UJIIndoorLoc,44,RC-NoAugCoord,direct,clean,1111.0,8.386333465576172,6.659444332122803,11.150057792663574,10.800857543945312,16.043323516845703,20.6484432220459,0.1845184518451845,2972146,1106.5086529001128,159,189
UJIIndoorLoc,44,RC-NoAugCoord,fused,clean,1111.0,8.112201082343807,6.437643721403114,10.950316856512,10.440720720360629,15.58388019129465,19.73739641000184,0.2079207920792079,2972146,1106.5086529001128,159,189
UJIIndoorLoc,44,RC-NoAugCoord,direct,device_offset_-6db,1111.0,8.634378433227539,6.696274280548096,11.448723793029783,11.057920932769775,16.323183059692383,20.099623680114743,0.1539153915391539,2972146,1106.5086529001128,159,189
UJIIndoorLoc,44,RC-NoAugCoord,fused,device_offset_-6db,1111.0,8.384794754546565,6.539044563725573,11.30347434342695,10.701707497133643,16.266575037680585,20.071986843250876,0.1818181818181818,2972146,1106.5086529001128,159,189
UJIIndoorLoc,44,RC-NoAugCoord,direct,persistent_bias_8db,1111.0,8.838705062866211,6.915877342224121,11.770819664001465,11.270500659942629,16.976655960083008,21.613080978393555,0.1638163816381638,2972146,1106.5086529001128,159,189
UJIIndoorLoc,44,RC-NoAugCoord,fused,persistent_bias_8db,1111.0,8.531866959369955,6.498366568118315,11.47284420227922,10.988631968167322,16.04287154699177,21.27442805531989,0.1773177317731773,2972146,1106.5086529001128,159,189
UJIIndoorLoc,44,RC-NoAugCoord,direct,top20_outage,1111.0,29.457015991210938,13.060248374938965,52.53571701049805,31.332643508911133,74.31208038330078,119.20449447631836,0.0666066606660666,2972146,1106.5086529001128,159,189
UJIIndoorLoc,44,RC-NoAugCoord,fused,top20_outage,1111.0,28.56996652894469,12.29099236704456,51.86117669402119,29.82640489211257,72.36186768532613,118.32617192368618,0.0738073807380738,2972146,1106.5086529001128,159,189
UJIIndoorLoc,44,RC-NoAugCoord,direct,top20_outage_plus_bias4db,1111.0,29.611114501953125,13.305493354797363,53.24385833740234,30.60100650787353,73.10177612304688,120.58599090576172,0.0684068406840684,2972146,1106.5086529001128,159,189
UJIIndoorLoc,44,RC-NoAugCoord,fused,top20_outage_plus_bias4db,1111.0,28.815087100223277,12.642803253406548,52.71573458118692,29.185117326715023,71.42348286062845,122.65493985177672,0.0711071107110711,2972146,1106.5086529001128,159,189
UJIIndoorLoc,44,RC-NoCoarseHeads,direct,clean,1111.0,8.107304573059082,5.899762153625488,11.114629745483398,10.58316946029663,16.797744750976562,21.903407096862797,0.2196219621962196,2972146,379.477692999877,183,200
UJIIndoorLoc,44,RC-NoCoarseHeads,fused,clean,1111.0,7.844721995524628,5.731349067978812,10.897909571151631,10.01430471008517,15.95772289722396,20.73612131412461,0.2358235823582358,2972146,379.477692999877,183,200
UJIIndoorLoc,44,RC-NoCoarseHeads,direct,device_offset_-6db,1111.0,8.535511016845703,6.501397132873535,11.534268379211426,11.152080535888672,16.775691986083984,21.94316291809082,0.1935193519351935,2972146,379.477692999877,183,200
UJIIndoorLoc,44,RC-NoCoarseHeads,fused,device_offset_-6db,1111.0,8.289043387821653,6.138132196611409,11.356026553305105,10.894686474034613,16.47104608492127,21.445395298616702,0.2097209720972097,2972146,379.477692999877,183,200
UJIIndoorLoc,44,RC-NoCoarseHeads,direct,persistent_bias_8db,1111.0,8.549710273742676,6.270367622375488,11.644428253173828,11.077276706695557,17.326126098632812,22.944480895996094,0.1971197119711971,2972146,379.477692999877,183,200
UJIIndoorLoc,44,RC-NoCoarseHeads,fused,persistent_bias_8db,1111.0,8.261892236974587,6.104491058221102,11.368627934344154,10.6442369781752,16.649281436734867,21.869429943025253,0.2169216921692169,2972146,379.477692999877,183,200
UJIIndoorLoc,44,RC-NoCoarseHeads,direct,top20_outage,1111.0,34.042423248291016,12.664512634277344,71.3594741821289,29.29553508758545,76.95283508300781,142.73341369628906,0.1035103510351035,2972146,379.477692999877,183,200
UJIIndoorLoc,44,RC-NoCoarseHeads,fused,top20_outage,1111.0,33.77829357850986,12.531580774217822,71.50772449743567,28.77582503678516,76.33654184601383,145.96398021829717,0.1062106210621062,2972146,379.477692999877,183,200
UJIIndoorLoc,44,RC-NoCoarseHeads,direct,top20_outage_plus_bias4db,1111.0,34.1739501953125,12.620648384094238,71.85729217529297,29.5520076751709,77.61604309082031,142.5968780517578,0.099009900990099,2972146,379.477692999877,183,200
UJIIndoorLoc,44,RC-NoCoarseHeads,fused,top20_outage_plus_bias4db,1111.0,33.8997939183809,12.405626370934954,71.94508992533493,29.08967118587205,75.53442430587792,145.66602055441967,0.1125112511251125,2972146,379.477692999877,183,200
UJIIndoorLoc,44,RC-NoConsistency,direct,clean,1111.0,8.609981536865234,6.682013034820557,11.360358238220217,11.350593566894531,16.731748580932617,21.48185443878174,0.1728172817281728,2972146,1112.3984715999104,157,187
UJIIndoorLoc,44,RC-NoConsistency,fused,clean,1111.0,8.130554564430467,6.137425011540218,11.10139939503946,10.321340745483996,16.067543140806578,21.016168019749315,0.2187218721872187,2972146,1112.3984715999104,157,187
UJIIndoorLoc,44,RC-NoConsistency,direct,device_offset_-6db,1111.0,8.716010093688965,7.0002923011779785,11.451810836791992,11.215309143066406,16.30295181274414,21.08311653137207,0.1476147614761476,2972146,1112.3984715999104,157,187
UJIIndoorLoc,44,RC-NoConsistency,fused,device_offset_-6db,1111.0,8.314119893185621,6.411928946451926,11.357788947389682,10.268469657614853,16.301634632254494,21.602137582066003,0.1989198919891989,2972146,1112.3984715999104,157,187
UJIIndoorLoc,44,RC-NoConsistency,direct,persistent_bias_8db,1111.0,8.95612907409668,6.828145503997803,11.846287727355955,11.927892208099363,17.257408142089844,21.736449241638184,0.1665166516651665,2972146,1112.3984715999104,157,187
UJIIndoorLoc,44,RC-NoConsistency,fused,persistent_bias_8db,1111.0,8.424436121231048,6.421809514075831,11.4217588858963,11.248943804475903,16.453961171813077,21.97712390720063,0.1953195319531953,2972146,1112.3984715999104,157,187
UJIIndoorLoc,44,RC-NoConsistency,direct,top20_outage,1111.0,29.87623786926269,13.278550148010254,54.32973098754883,29.038065910339355,75.47087860107422,129.0061492919922,0.0747074707470747,2972146,1112.3984715999104,157,187
UJIIndoorLoc,44,RC-NoConsistency,fused,top20_outage,1111.0,28.390774253901096,12.030855766507493,52.42620317364229,27.549269822571297,74.4817632798398,122.5643683741375,0.0855085508550855,2972146,1112.3984715999104,157,187
UJIIndoorLoc,44,RC-NoConsistency,direct,top20_outage_plus_bias4db,1111.0,29.7113094329834,13.48863124847412,54.03476333618164,30.065892219543457,72.97341918945312,129.78802490234375,0.0666066606660666,2972146,1112.3984715999104,157,187
UJIIndoorLoc,44,RC-NoConsistency,fused,top20_outage_plus_bias4db,1111.0,28.20579859941944,12.37657762153183,51.91341241237458,27.548517982950216,71.46312340546388,119.18843528166218,0.09000900090009,2972146,1112.3984715999104,157,187
UJIIndoorLoc,44,RC-NoCorruption,direct,clean,1111.0,9.24769401550293,7.0323567390441895,13.749062538146973,11.69386100769043,17.557708740234375,22.46291255950928,0.171017101710171,2972146,237.7902937000617,175,200
UJIIndoorLoc,44,RC-NoCorruption,fused,clean,1111.0,8.791805157425493,6.461619959315759,13.461083051654578,10.704243250737346,17.08966458849499,23.432595749205834,0.1953195319531953,2972146,237.7902937000617,175,200
UJIIndoorLoc,44,RC-NoCorruption,direct,device_offset_-6db,1111.0,10.031058311462402,7.419388294219971,15.56338119506836,12.108060836791992,18.57521629333496,24.530224800109863,0.1449144914491449,2972146,237.7902937000617,175,200
UJIIndoorLoc,44,RC-NoCorruption,fused,device_offset_-6db,1111.0,9.461374452577871,6.852335794733138,14.69751574547383,11.29486202968417,18.569347914493445,24.98798559417076,0.1827182718271827,2972146,237.7902937000617,175,200
UJIIndoorLoc,44,RC-NoCorruption,direct,persistent_bias_8db,1111.0,10.00812530517578,7.393505573272705,15.103261947631836,12.679319858551024,19.02972412109375,25.197397232055664,0.1449144914491449,2972146,237.7902937000617,175,200
UJIIndoorLoc,44,RC-NoCorruption,fused,persistent_bias_8db,1111.0,9.287394964397809,6.725222376615725,14.097825477551948,11.50636945953013,18.459752023397723,24.76138879838038,0.1845184518451845,2972146,237.7902937000617,175,200
UJIIndoorLoc,44,RC-NoCorruption,direct,top20_outage,1111.0,56.41219711303711,25.73221969604492,83.34564208984375,93.80996704101562,145.1623077392578,175.4283218383789,0.0432043204320432,2972146,237.7902937000617,175,200
UJIIndoorLoc,44,RC-NoCorruption,fused,top20_outage,1111.0,54.80457026403734,23.569182864155504,82.35103235690617,89.96041802512303,146.56862015914143,170.3903070965152,0.0504050405040504,2972146,237.7902937000617,175,200
UJIIndoorLoc,44,RC-NoCorruption,direct,top20_outage_plus_bias4db,1111.0,58.4676513671875,27.195207595825195,85.85095977783203,99.86198806762695,146.92076110839844,182.1338424682617,0.0351035103510351,2972146,237.7902937000617,175,200
UJIIndoorLoc,44,RC-NoCorruption,fused,top20_outage_plus_bias4db,1111.0,56.74533253432556,24.35210923599666,84.61667372119652,95.0443466541597,147.1756083335296,176.77314485526128,0.0531053105310531,2972146,237.7902937000617,175,200
UJIIndoorLoc,44,RC-NoMask,direct,clean,1111.0,9.615654945373535,8.16137409210205,12.08388900756836,12.430150032043455,18.000612258911133,22.481637954711918,0.0999099909990999,2856050,402.7719965998549,44,74
UJIIndoorLoc,44,RC-NoMask,fused,clean,1111.0,8.256392628366006,6.155402620882664,11.278254419114107,10.10134700161366,16.24984793374969,21.664832269188576,0.1764176417641764,2856050,402.7719965998549,44,74
UJIIndoorLoc,44,RC-NoMask,direct,device_offset_-6db,1111.0,9.6113920211792,8.10153579711914,12.05568790435791,12.183881282806396,17.807615280151367,21.59780788421631,0.0909090909090909,2856050,402.7719965998549,44,74
UJIIndoorLoc,44,RC-NoMask,fused,device_offset_-6db,1111.0,8.576569758726073,6.611578765208485,11.64217377899132,10.653212220428216,16.497872638347232,22.35155337492284,0.1773177317731773,2856050,402.7719965998549,44,74
UJIIndoorLoc,44,RC-NoMask,direct,persistent_bias_8db,1111.0,9.7412748336792,7.921290397644043,12.315529823303224,12.743410587310793,18.40735244750977,22.186985969543457,0.1107110711071107,2856050,402.7719965998549,44,74
UJIIndoorLoc,44,RC-NoMask,fused,persistent_bias_8db,1111.0,8.404486098160174,6.354680913429796,11.26296086041084,10.654631122352626,16.753964149899996,21.466443064754653,0.1782178217821782,2856050,402.7719965998549,44,74
UJIIndoorLoc,44,RC-NoMask,direct,top20_outage,1111.0,28.153451919555664,13.568321228027344,46.056732177734375,29.60069751739502,76.61985778808594,117.22884750366212,0.0513051305130513,2856050,402.7719965998549,44,74
UJIIndoorLoc,44,RC-NoMask,fused,top20_outage,1111.0,27.871333771876703,11.702772468724987,48.71562406502272,26.35467670687408,82.17824037209125,126.45664892298244,0.0945094509450945,2856050,402.7719965998549,44,74
UJIIndoorLoc,44,RC-NoMask,direct,top20_outage_plus_bias4db,1111.0,27.56217765808105,13.989755630493164,44.44874954223633,29.3950777053833,71.8414306640625,104.40933227539062,0.0504050405040504,2856050,402.7719965998549,44,74
UJIIndoorLoc,44,RC-NoMask,fused,top20_outage_plus_bias4db,1111.0,26.895450625048028,12.415145208368724,46.16661921436487,27.293243089325934,78.99589054983086,119.71639158059166,0.0954095409540954,2856050,402.7719965998549,44,74
UJIIndoorLoc,44,RC-NoReconstruction,direct,clean,1111.0,9.27839469909668,7.80045223236084,11.841801643371582,12.002700805664062,17.72541046142578,21.726311683654785,0.1269126912691269,2734698,455.8249185997993,58,88
UJIIndoorLoc,44,RC-NoReconstruction,fused,clean,1111.0,8.233558801992801,6.502048041400592,11.09880305083656,10.567059982576966,16.62705943695202,20.28644179698447,0.2079207920792079,2734698,455.8249185997993,58,88
UJIIndoorLoc,44,RC-NoReconstruction,direct,device_offset_-6db,1111.0,9.3787260055542,8.035536766052246,11.941205024719238,11.897568702697754,17.17875862121582,21.39766025543213,0.1269126912691269,2734698,455.8249185997993,58,88
UJIIndoorLoc,44,RC-NoReconstruction,fused,device_offset_-6db,1111.0,8.397158665150092,6.616632676519929,11.360659786100031,10.83570538890211,16.617981241144513,20.58149439159225,0.1989198919891989,2734698,455.8249185997993,58,88
UJIIndoorLoc,44,RC-NoReconstruction,direct,persistent_bias_8db,1111.0,9.516103744506836,8.003913879394531,12.145145416259766,12.368208408355711,18.00175666809082,22.15332794189453,0.1323132313231323,2734698,455.8249185997993,58,88
UJIIndoorLoc,44,RC-NoReconstruction,fused,persistent_bias_8db,1111.0,8.513246188704553,6.486411128811505,11.43671649332994,10.923785437071793,17.45385074728739,21.185908018090625,0.1881188118811881,2734698,455.8249185997993,58,88
UJIIndoorLoc,44,RC-NoReconstruction,direct,top20_outage,1111.0,29.720605850219727,14.1365966796875,48.32175064086914,32.21363067626953,79.03829193115234,115.70029067993164,0.0513051305130513,2734698,455.8249185997993,58,88
UJIIndoorLoc,44,RC-NoReconstruction,fused,top20_outage,1111.0,28.362366268361026,12.147250347457216,47.64482786648063,29.770591267014503,77.97544615129604,115.1685497940981,0.0954095409540954,2734698,455.8249185997993,58,88
UJIIndoorLoc,44,RC-NoReconstruction,direct,top20_outage_plus_bias4db,1111.0,29.15656471252441,14.555517196655272,47.14424133300781,32.5101203918457,77.4720458984375,109.21120071411131,0.0522052205220522,2734698,455.8249185997993,58,88
UJIIndoorLoc,44,RC-NoReconstruction,fused,top20_outage_plus_bias4db,1111.0,27.89109935096183,13.013870029352113,46.78996313848162,30.17197996111326,77.0532307135632,109.13476036234546,0.09000900090009,2734698,455.8249185997993,58,88
UJIIndoorLoc,55,RC-NoAugCoord,direct,clean,1111.0,8.573779106140137,6.592020988464356,11.583250045776367,10.620757579803469,16.998319625854492,23.3547887802124,0.1764176417641764,2972146,299.0879728998989,176,200
UJIIndoorLoc,55,RC-NoAugCoord,fused,clean,1111.0,8.296221532926237,6.255101774100307,11.299010954284626,10.29160965973345,16.764922651615972,22.3728179824324,0.1962196219621962,2972146,299.0879728998989,176,200
UJIIndoorLoc,55,RC-NoAugCoord,direct,device_offset_-6db,1111.0,8.825425148010254,6.927539348602295,11.95991325378418,10.974827766418455,16.76001739501953,22.616856575012207,0.1656165616561656,2972146,299.0879728998989,176,200
UJIIndoorLoc,55,RC-NoAugCoord,fused,device_offset_-6db,1111.0,8.59248703514831,6.592744330893941,11.745002928231624,10.841925637443044,16.640649429016452,22.040233245081097,0.1818181818181818,2972146,299.0879728998989,176,200
UJIIndoorLoc,55,RC-NoAugCoord,direct,persistent_bias_8db,1111.0,8.892330169677734,6.8592143058776855,11.79952907562256,11.177897930145264,17.97188949584961,22.43508815765381,0.1701170117011701,2972146,299.0879728998989,176,200
UJIIndoorLoc,55,RC-NoAugCoord,fused,persistent_bias_8db,1111.0,8.636014032951172,6.70236149366086,11.560924295636037,10.80067507505674,17.396138017580526,22.493918040534943,0.1917191719171917,2972146,299.0879728998989,176,200
UJIIndoorLoc,55,RC-NoAugCoord,direct,top20_outage,1111.0,27.25771141052246,13.530329704284668,44.65046691894531,30.955739974975582,70.8305892944336,104.5251579284668,0.0648064806480648,2972146,299.0879728998989,176,200
UJIIndoorLoc,55,RC-NoAugCoord,fused,top20_outage,1111.0,26.68044508893537,12.964136225670623,44.37643579862581,29.57872188702242,71.15171637398669,102.3235663775863,0.0792079207920792,2972146,299.0879728998989,176,200
UJIIndoorLoc,55,RC-NoAugCoord,direct,top20_outage_plus_bias4db,1111.0,26.560274124145508,13.054776191711426,42.89477157592773,29.547956466674805,69.91496276855469,103.9781494140625,0.072007200720072,2972146,299.0879728998989,176,200
UJIIndoorLoc,55,RC-NoAugCoord,fused,top20_outage_plus_bias4db,1111.0,26.06791603905913,12.415971597273774,42.663625886427184,28.515644561177226,70.26764979986405,104.0676462384955,0.0792079207920792,2972146,299.0879728998989,176,200
UJIIndoorLoc,55,RC-NoCoarseHeads,direct,clean,1111.0,8.034099578857422,5.87116813659668,11.146276473999023,10.02577257156372,16.724159240722656,22.022488594055176,0.216021602160216,2972146,288.1134728998877,154,184
UJIIndoorLoc,55,RC-NoCoarseHeads,fused,clean,1111.0,7.686882648174591,5.500896923887405,10.90369812186166,9.645360000612616,16.444884904495705,21.3942719098603,0.2583258325832583,2972146,288.1134728998877,154,184
UJIIndoorLoc,55,RC-NoCoarseHeads,direct,device_offset_-6db,1111.0,8.367656707763672,6.512531280517578,11.271003723144531,10.718642234802246,16.550621032714844,21.53263092041016,0.1818181818181818,2972146,288.1134728998877,154,184
UJIIndoorLoc,55,RC-NoCoarseHeads,fused,device_offset_-6db,1111.0,7.992525434689012,5.982048765931452,11.032053364756136,10.376449354589298,16.05314657886332,21.120925272474672,0.2196219621962196,2972146,288.1134728998877,154,184
UJIIndoorLoc,55,RC-NoCoarseHeads,direct,persistent_bias_8db,1111.0,8.64096736907959,6.512462615966797,11.644763946533203,11.1936674118042,17.777856826782227,23.159523963928223,0.1962196219621962,2972146,288.1134728998877,154,184
UJIIndoorLoc,55,RC-NoCoarseHeads,fused,persistent_bias_8db,1111.0,8.202168662891017,6.003129148801701,11.277166279162442,10.516644704904778,17.130830563948635,22.75128069904818,0.2403240324032403,2972146,288.1134728998877,154,184
UJIIndoorLoc,55,RC-NoCoarseHeads,direct,top20_outage,1111.0,28.214784622192383,12.12267017364502,51.60757827758789,30.59342384338379,73.4197998046875,115.06768035888672,0.1035103510351035,2972146,288.1134728998877,154,184
UJIIndoorLoc,55,RC-NoCoarseHeads,fused,top20_outage,1111.0,27.92144688190493,11.548853680333252,51.394223061283625,30.53684661229868,73.41979881414929,115.06768058403162,0.1242124212421242,2972146,288.1134728998877,154,184
UJIIndoorLoc,55,RC-NoCoarseHeads,direct,top20_outage_plus_bias4db,1111.0,28.8795166015625,11.55437469482422,53.59881591796875,30.926447868347168,74.15070343017578,117.91720962524414,0.0963096309630963,2972146,288.1134728998877,154,184
UJIIndoorLoc,55,RC-NoCoarseHeads,fused,top20_outage_plus_bias4db,1111.0,28.564642511401072,11.330626533486278,53.41583585704001,30.667677427713024,74.15070354265524,117.91721059757378,0.1179117911791179,2972146,288.1134728998877,154,184
UJIIndoorLoc,55,RC-NoConsistency,direct,clean,1111.0,8.521681785583496,6.528093338012695,11.424601554870604,10.976687908172607,16.666379928588867,21.611785888671875,0.1953195319531953,2972146,290.90957749984227,183,200
UJIIndoorLoc,55,RC-NoConsistency,fused,clean,1111.0,7.954748644402099,5.913477795334358,10.993592491208007,10.244711123836854,16.22736604738987,21.32564363377808,0.2358235823582358,2972146,290.90957749984227,183,200
UJIIndoorLoc,55,RC-NoConsistency,direct,device_offset_-6db,1111.0,8.654738426208496,6.75042724609375,11.582676887512209,10.88946294784546,16.543540954589844,21.267244338989254,0.1674167416741674,2972146,290.90957749984227,183,200
UJIIndoorLoc,55,RC-NoConsistency,fused,device_offset_-6db,1111.0,8.220207913050036,6.317529906008066,11.282978906805832,10.299648358657596,16.170048154394745,20.39158891687801,0.2151215121512151,2972146,290.90957749984227,183,200
UJIIndoorLoc,55,RC-NoConsistency,direct,persistent_bias_8db,1111.0,9.067973136901855,7.1141037940979,11.924132347106934,11.69668960571289,17.85748863220215,23.310280799865723,0.171017101710171,2972146,290.90957749984227,183,200
UJIIndoorLoc,55,RC-NoConsistency,fused,persistent_bias_8db,1111.0,8.4389642162554,6.427581337893186,11.432289848003832,10.77045844575682,16.66243024469471,22.71930953585653,0.2133213321332133,2972146,290.90957749984227,183,200
UJIIndoorLoc,55,RC-NoConsistency,direct,top20_outage,1111.0,30.189441680908203,13.658492088317873,50.49950408935547,33.09333801269531,86.24177551269531,123.50816345214844,0.0675067506750675,2972146,290.90957749984227,183,200
UJIIndoorLoc,55,RC-NoConsistency,fused,top20_outage,1111.0,29.712830305259512,13.569007762497105,50.374189760107846,32.12754742954038,86.24177580613444,123.50816422499751,0.0918091809180918,2972146,290.90957749984227,183,200
UJIIndoorLoc,55,RC-NoConsistency,direct,top20_outage_plus_bias4db,1111.0,30.171920776367188,13.659255027770996,51.72021865844727,31.84333324432373,82.83702087402344,122.84921264648438,0.0567056705670567,2972146,290.90957749984227,183,200
UJIIndoorLoc,55,RC-NoConsistency,fused,top20_outage_plus_bias4db,1111.0,29.647669935607183,13.077600533733198,51.5556972198448,31.40800101243056,82.83702228155693,122.849212152811,0.0882088208820882,2972146,290.90957749984227,183,200
UJIIndoorLoc,55,RC-NoCorruption,direct,clean,1111.0,9.337470054626465,7.004836559295654,13.459305763244627,11.80279779434204,17.784591674804688,23.70015048980713,0.1719171917191719,2972146,237.1828419000376,171,200
UJIIndoorLoc,55,RC-NoCorruption,fused,clean,1111.0,8.978278236360074,6.614022473553948,13.27587998687383,11.275531833716723,17.2426720533431,23.054072258217477,0.1971197119711971,2972146,237.1828419000376,171,200
UJIIndoorLoc,55,RC-NoCorruption,direct,device_offset_-6db,1111.0,10.120898246765137,7.552817344665527,14.943052291870115,12.668628692626951,18.97527503967285,26.12380027770996,0.1395139513951395,2972146,237.1828419000376,171,200
UJIIndoorLoc,55,RC-NoCorruption,fused,device_offset_-6db,1111.0,9.72798080761437,7.196002298324829,14.720258871360013,12.059041979349542,18.38221210401212,25.618569182597323,0.1593159315931593,2972146,237.1828419000376,171,200
UJIIndoorLoc,55,RC-NoCorruption,direct,persistent_bias_8db,1111.0,9.760966300964355,7.751236438751221,13.083476066589355,12.318013668060305,19.035545349121094,24.57684898376465,0.1611161116111611,2972146,237.1828419000376,171,200
UJIIndoorLoc,55,RC-NoCorruption,fused,persistent_bias_8db,1111.0,9.338440623467958,7.090259473236213,12.740987514706717,11.75962694219369,18.447424162098933,23.13083590474045,0.1755175517551755,2972146,237.1828419000376,171,200
UJIIndoorLoc,55,RC-NoCorruption,direct,top20_outage,1111.0,58.68072128295898,26.66524314880371,88.5264892578125,92.00928115844728,152.67947387695312,225.84410095214844,0.0423042304230423,2972146,237.1828419000376,171,200
UJIIndoorLoc,55,RC-NoCorruption,fused,top20_outage,1111.0,55.97856934136367,25.07981636819149,86.82701416690924,83.93434408509363,144.2264460125407,226.16776948433676,0.0468046804680468,2972146,237.1828419000376,171,200
UJIIndoorLoc,55,RC-NoCorruption,direct,top20_outage_plus_bias4db,1111.0,56.79993438720703,24.869075775146484,86.37106323242188,87.22727584838867,143.00363159179688,223.3530731201172,0.0351035103510351,2972146,237.1828419000376,171,200
UJIIndoorLoc,55,RC-NoCorruption,fused,top20_outage_plus_bias4db,1111.0,53.92813755244621,23.318247999913304,84.29901996129288,81.4715882806238,132.84785765524714,222.04276114035224,0.0468046804680468,2972146,237.1828419000376,171,200
UJIIndoorLoc,55,RC-NoMask,direct,clean,1111.0,8.661523818969727,6.661194801330566,11.99915599822998,10.83986234664917,16.19245719909668,23.97930335998535,0.1845184518451845,2856050,284.1752257999033,175,200
UJIIndoorLoc,55,RC-NoMask,fused,clean,1111.0,8.281394556095394,6.226955604618038,11.761661737231726,10.197579923648895,15.749067558964306,23.52915550091462,0.2205220522052205,2856050,284.1752257999033,175,200
UJIIndoorLoc,55,RC-NoMask,direct,device_offset_-6db,1111.0,8.644848823547363,6.997119426727295,11.847107887268066,10.774445056915283,15.907073974609377,22.09101676940918,0.1665166516651665,2856050,284.1752257999033,175,200
UJIIndoorLoc,55,RC-NoMask,fused,device_offset_-6db,1111.0,8.344951268405596,6.43945661075938,11.618771531479323,10.533392869767832,15.75441728439828,22.28208522002925,0.2088208820882088,2856050,284.1752257999033,175,200
UJIIndoorLoc,55,RC-NoMask,direct,persistent_bias_8db,1111.0,8.931133270263672,6.8795270919799805,11.788540840148926,11.22769260406494,17.78709602355957,22.573808670043945,0.1701170117011701,2856050,284.1752257999033,175,200
UJIIndoorLoc,55,RC-NoMask,fused,persistent_bias_8db,1111.0,8.546532802657087,6.503517446266225,11.472358511108432,10.901008193630252,17.610885819322142,22.299075857834133,0.2097209720972097,2856050,284.1752257999033,175,200
UJIIndoorLoc,55,RC-NoMask,direct,top20_outage,1111.0,28.75857925415039,12.991209030151367,47.52376937866211,31.920846939086918,82.75421142578125,117.90244674682616,0.0774077407740774,2856050,284.1752257999033,175,200
UJIIndoorLoc,55,RC-NoMask,fused,top20_outage,1111.0,28.452459620701685,12.734785248870674,47.41477576733868,31.140773374082336,82.75421410747109,117.9024467459586,0.0972097209720972,2856050,284.1752257999033,175,200
UJIIndoorLoc,55,RC-NoMask,direct,top20_outage_plus_bias4db,1111.0,28.51538848876953,12.902080535888672,47.45919418334961,31.403396606445312,85.22027587890625,118.12160110473631,0.0756075607560756,2856050,284.1752257999033,175,200
UJIIndoorLoc,55,RC-NoMask,fused,top20_outage_plus_bias4db,1111.0,28.18625424004748,12.620048533979574,47.33064638219883,31.36074224150809,85.22027811597471,118.12160180738952,0.0936093609360936,2856050,284.1752257999033,175,200
UJIIndoorLoc,55,RC-NoReconstruction,direct,clean,1111.0,8.620768547058105,6.68883228302002,11.5123291015625,11.076391696929932,17.293642044067383,22.176671981811523,0.1692169216921692,2734698,287.0429556001909,194,200
UJIIndoorLoc,55,RC-NoReconstruction,fused,clean,1111.0,8.295296957812642,6.350665587845414,11.248596075400728,10.635043499769072,16.52157072037179,21.490898681382127,0.2043204320432043,2734698,287.0429556001909,194,200
UJIIndoorLoc,55,RC-NoReconstruction,direct,device_offset_-6db,1111.0,8.643299102783203,6.637112140655518,11.487737655639648,11.074245929718018,17.044015884399414,21.165461540222168,0.171017101710171,2734698,287.0429556001909,194,200
UJIIndoorLoc,55,RC-NoReconstruction,fused,device_offset_-6db,1111.0,8.674878358434885,6.559970055635002,11.857238372862705,11.011524777855652,17.158469077309643,21.98874074542832,0.1764176417641764,2734698,287.0429556001909,194,200
UJIIndoorLoc,55,RC-NoReconstruction,direct,persistent_bias_8db,1111.0,9.109731674194336,7.15819263458252,11.998993873596191,11.661443710327148,18.235322952270508,23.421993255615234,0.1557155715571557,2734698,287.0429556001909,194,200
UJIIndoorLoc,55,RC-NoReconstruction,fused,persistent_bias_8db,1111.0,8.779742891238438,6.844379300167079,11.742255534604029,11.156747307491472,17.451885132117717,22.34303374043136,0.1863186318631863,2734698,287.0429556001909,194,200
UJIIndoorLoc,55,RC-NoReconstruction,direct,top20_outage,1111.0,34.4014892578125,12.899639129638672,63.26547622680664,31.196694374084476,110.361328125,140.5269012451172,0.0738073807380738,2734698,287.0429556001909,194,200
UJIIndoorLoc,55,RC-NoReconstruction,fused,top20_outage,1111.0,34.59829353499169,13.598811439206994,61.40613473994612,35.12084477596736,106.8740518292633,137.2698369485249,0.0774077407740774,2734698,287.0429556001909,194,200
UJIIndoorLoc,55,RC-NoReconstruction,direct,top20_outage_plus_bias4db,1111.0,33.11055374145508,12.872949600219728,60.33592224121094,30.61971092224121,107.18069458007812,133.11529541015625,0.0738073807380738,2734698,287.0429556001909,194,200
UJIIndoorLoc,55,RC-NoReconstruction,fused,top20_outage_plus_bias4db,1111.0,33.33965588912794,13.187583288061925,58.61472368404685,33.89744317708218,105.29257151779667,129.32702066554015,0.0801080108010801,2734698,287.0429556001909,194,200
UTSIndoorLoc,11,RC-NoAugCoord,direct,clean,388.0,7.441686153411865,6.332141876220703,9.100341796875,9.573064804077148,12.862222576141358,16.985110473632812,0.1675257731958762,3034912,352.0986077999696,69,99
UTSIndoorLoc,11,RC-NoAugCoord,fused,clean,388.0,7.403516459137882,6.246000189914605,9.044127177223496,9.758033198526409,13.084860367005456,15.856169530175803,0.1572164948453608,3034912,352.0986077999696,69,99
UTSIndoorLoc,11,RC-NoAugCoord,direct,device_offset_-6db,388.0,7.354145050048828,6.072533130645752,8.997525215148926,9.455455780029297,13.268521118164063,16.460917568206767,0.1597938144329896,3034912,352.0986077999696,69,99
UTSIndoorLoc,11,RC-NoAugCoord,fused,device_offset_-6db,388.0,7.585814889651259,6.582334542502119,9.163472622896464,10.41992694699611,13.568140543593584,16.660363266932293,0.1701030927835051,3034912,352.0986077999696,69,99
UTSIndoorLoc,11,RC-NoAugCoord,direct,persistent_bias_8db,388.0,7.408960819244385,6.346535682678223,8.99376392364502,9.640180826187134,12.39050979614258,16.39428968429565,0.1469072164948453,3034912,352.0986077999696,69,99
UTSIndoorLoc,11,RC-NoAugCoord,fused,persistent_bias_8db,388.0,7.391602599706029,6.477458898539075,8.94208612826112,9.657268696450831,12.59849828312226,14.755475229555556,0.1469072164948453,3034912,352.0986077999696,69,99
UTSIndoorLoc,11,RC-NoAugCoord,direct,top20_outage,388.0,9.97740077972412,8.599752426147461,12.07756805419922,13.33032250404358,17.64151840209961,24.185865306854247,0.1237113402061855,3034912,352.0986077999696,69,99
UTSIndoorLoc,11,RC-NoAugCoord,fused,top20_outage,388.0,9.895474808755049,8.38626342470581,12.124280252031314,12.59560124515539,18.67378995467486,24.150510342352625,0.1005154639175257,3034912,352.0986077999696,69,99
UTSIndoorLoc,11,RC-NoAugCoord,direct,top20_outage_plus_bias4db,388.0,9.90847110748291,8.549495697021484,12.016443252563477,13.274897575378418,18.268978309631347,23.68458242416381,0.1185567010309278,3034912,352.0986077999696,69,99
UTSIndoorLoc,11,RC-NoAugCoord,fused,top20_outage_plus_bias4db,388.0,9.7907723124069,8.158929342832518,12.053357891131252,12.534070878287732,18.68271862765928,23.577962539904178,0.1056701030927835,3034912,352.0986077999696,69,99
UTSIndoorLoc,11,RC-NoCoarseHeads,direct,clean,388.0,7.231781482696533,6.245270252227783,8.791932106018066,9.144803762435911,12.774049758911136,15.43706936836242,0.1494845360824742,3034912,317.57997499988414,53,83
UTSIndoorLoc,11,RC-NoCoarseHeads,fused,clean,388.0,7.20821083446477,6.318298872897474,8.737335041358701,9.30542330567497,12.136696923922525,15.08841247518453,0.1597938144329896,3034912,317.57997499988414,53,83
UTSIndoorLoc,11,RC-NoCoarseHeads,direct,device_offset_-6db,388.0,7.129162788391113,6.065669059753418,8.77365493774414,9.232357025146484,12.48638916015625,15.761294984817502,0.172680412371134,3034912,317.57997499988414,53,83
UTSIndoorLoc,11,RC-NoCoarseHeads,fused,device_offset_-6db,388.0,7.1662403362021125,6.18551559401403,8.712647016994797,9.152290410028913,12.391783845346062,15.548642753511622,0.1623711340206185,3034912,317.57997499988414,53,83
UTSIndoorLoc,11,RC-NoCoarseHeads,direct,persistent_bias_8db,388.0,7.09367561340332,6.045743465423584,8.63414192199707,9.157141208648682,11.94471883773804,14.828697681427,0.152061855670103,3034912,317.57997499988414,53,83
UTSIndoorLoc,11,RC-NoCoarseHeads,fused,persistent_bias_8db,388.0,7.003055646764145,6.14008805238613,8.559288953152741,9.039561413329912,11.642029665149384,14.1651102891266,0.1623711340206185,3034912,317.57997499988414,53,83
UTSIndoorLoc,11,RC-NoCoarseHeads,direct,top20_outage,388.0,9.630974769592283,7.836027145385742,12.217241287231444,11.904195547103882,18.423563766479493,23.601642704010004,0.1134020618556701,3034912,317.57997499988414,53,83
UTSIndoorLoc,11,RC-NoCoarseHeads,fused,top20_outage,388.0,9.556964899317355,7.78094738812665,12.192562435421475,12.202012183777947,18.565356008059695,22.68276497213129,0.1365979381443298,3034912,317.57997499988414,53,83
UTSIndoorLoc,11,RC-NoCoarseHeads,direct,top20_outage_plus_bias4db,388.0,9.598807334899902,7.782415866851807,12.261540412902832,11.927424907684326,18.2275203704834,22.76555318832396,0.1211340206185567,3034912,317.57997499988414,53,83
UTSIndoorLoc,11,RC-NoCoarseHeads,fused,top20_outage_plus_bias4db,388.0,9.497999432646802,7.555666757864584,12.197241484072771,12.112717115816562,17.988367958669613,22.445844492296946,0.1469072164948453,3034912,317.57997499988414,53,83
UTSIndoorLoc,11,RC-NoConsistency,direct,clean,388.0,7.14141845703125,6.1764068603515625,8.81824779510498,8.915849685668945,12.497346115112308,15.727646064758291,0.1546391752577319,3034912,449.0380836999975,100,130
UTSIndoorLoc,11,RC-NoConsistency,fused,clean,388.0,7.1793036541390025,6.197250883629078,8.812872545983119,8.873401881983682,12.953737543871396,15.410398712428124,0.1494845360824742,3034912,449.0380836999975,100,130
UTSIndoorLoc,11,RC-NoConsistency,direct,device_offset_-6db,388.0,7.063686847686768,6.07258415222168,8.746393203735352,8.940124988555908,12.3305832862854,15.62394905090332,0.1804123711340206,3034912,449.0380836999975,100,130
UTSIndoorLoc,11,RC-NoConsistency,fused,device_offset_-6db,388.0,7.387497754454058,6.35531613488508,8.936151262648647,9.75850830779267,13.164712004373929,15.817184508415854,0.1804123711340206,3034912,449.0380836999975,100,130
UTSIndoorLoc,11,RC-NoConsistency,direct,persistent_bias_8db,388.0,7.094616889953613,6.165532112121582,8.74906063079834,9.172503232955933,12.64912452697754,15.12056908607482,0.1804123711340206,3034912,449.0380836999975,100,130
UTSIndoorLoc,11,RC-NoConsistency,fused,persistent_bias_8db,388.0,7.071183354409345,6.186757637326509,8.726144063176,9.184938393723188,12.450986063193907,15.120949192107744,0.1984536082474226,3034912,449.0380836999975,100,130
UTSIndoorLoc,11,RC-NoConsistency,direct,top20_outage,388.0,9.72633457183838,8.109367370605469,11.930225372314451,12.280284881591797,17.990815734863283,23.50688495635986,0.1108247422680412,3034912,449.0380836999975,100,130
UTSIndoorLoc,11,RC-NoConsistency,fused,top20_outage,388.0,9.786574661000277,7.771611682579378,12.291993082493867,11.858480188987285,18.40088313496189,27.11707865771867,0.1134020618556701,3034912,449.0380836999975,100,130
UTSIndoorLoc,11,RC-NoConsistency,direct,top20_outage_plus_bias4db,388.0,9.716994285583496,8.438699722290039,11.8739652633667,12.585164546966553,18.24474506378174,23.41393604278561,0.1108247422680412,3034912,449.0380836999975,100,130
UTSIndoorLoc,11,RC-NoConsistency,fused,top20_outage_plus_bias4db,388.0,9.879523727253495,7.985748156190005,12.43788156512444,12.222602256870672,19.30721995277992,27.646168588315195,0.1211340206185567,3034912,449.0380836999975,100,130
UTSIndoorLoc,11,RC-NoCorruption,direct,clean,388.0,7.563254356384277,6.640965461730957,9.161020278930664,9.445978164672852,12.94674119949341,16.8785922050476,0.1288659793814432,3034912,278.78934429981746,79,109
UTSIndoorLoc,11,RC-NoCorruption,fused,clean,388.0,7.443822733434493,6.6456791925828895,9.139542498897086,9.580937337616463,12.877129841529127,16.67252315130091,0.172680412371134,3034912,278.78934429981746,79,109
UTSIndoorLoc,11,RC-NoCorruption,direct,device_offset_-6db,388.0,7.522366523742676,6.649362564086914,9.135623931884766,9.500455617904665,12.736099720001222,16.81269674301147,0.1494845360824742,3034912,278.78934429981746,79,109
UTSIndoorLoc,11,RC-NoCorruption,fused,device_offset_-6db,388.0,7.5334070734828495,6.531287353847313,9.241211674383427,9.688868121227566,13.290870173356089,18.01617791074936,0.172680412371134,3034912,278.78934429981746,79,109
UTSIndoorLoc,11,RC-NoCorruption,direct,persistent_bias_8db,388.0,7.505953311920166,6.520644187927246,9.025263786315918,9.471330881118774,12.337255764007567,16.278340530395496,0.1288659793814432,3034912,278.78934429981746,79,109
UTSIndoorLoc,11,RC-NoCorruption,fused,persistent_bias_8db,388.0,7.339701235993467,6.655364246585728,8.947942528516977,9.377078011585168,12.998075227910098,16.382515846198366,0.1701030927835051,3034912,278.78934429981746,79,109
UTSIndoorLoc,11,RC-NoCorruption,direct,top20_outage,388.0,10.377685546875,9.471942901611328,12.269730567932127,13.698418140411375,18.96090450286865,23.36569547653198,0.1005154639175257,3034912,278.78934429981746,79,109
UTSIndoorLoc,11,RC-NoCorruption,fused,top20_outage,388.0,10.3948998456265,8.93287342527317,12.522891436092475,14.064830730294052,19.69388495467742,24.526435172588783,0.0747422680412371,3034912,278.78934429981746,79,109
UTSIndoorLoc,11,RC-NoCorruption,direct,top20_outage_plus_bias4db,388.0,10.385196685791016,9.682979583740234,12.291552543640137,13.8833110332489,19.182208061218265,23.75934133529661,0.0927835051546391,3034912,278.78934429981746,79,109
UTSIndoorLoc,11,RC-NoCorruption,fused,top20_outage_plus_bias4db,388.0,10.410314756348315,9.008686754782168,12.513548123222549,14.218319469603456,19.889923976011797,23.65211471641496,0.0798969072164948,3034912,278.78934429981746,79,109
UTSIndoorLoc,11,RC-NoMask,direct,clean,388.0,7.247828006744385,6.462775230407715,8.803812980651855,8.9252769947052,12.70180549621582,16.040513896942137,0.1443298969072164,2909984,219.03302440000695,37,67
UTSIndoorLoc,11,RC-NoMask,fused,clean,388.0,7.5151341506716465,6.440902555588014,9.105796142835455,9.33223959460168,13.421633815260526,16.43647149130882,0.1365979381443298,2909984,219.03302440000695,37,67
UTSIndoorLoc,11,RC-NoMask,direct,device_offset_-6db,388.0,7.190768718719482,6.307692527770996,8.762096405029297,8.604480028152466,12.6331111907959,15.4160774230957,0.1572164948453608,2909984,219.03302440000695,37,67
UTSIndoorLoc,11,RC-NoMask,fused,device_offset_-6db,388.0,7.566278377481441,6.423032675150889,9.35709224292575,9.439472654427725,13.432373898826516,16.065605891434707,0.1391752577319587,2909984,219.03302440000695,37,67
UTSIndoorLoc,11,RC-NoMask,direct,persistent_bias_8db,388.0,7.298221588134766,6.663508415222168,8.776132583618164,9.093883991241457,12.25387773513794,15.430970573425284,0.1572164948453608,2909984,219.03302440000695,37,67
UTSIndoorLoc,11,RC-NoMask,fused,persistent_bias_8db,388.0,7.237418033641338,6.3796276297147685,8.726997284778193,9.235654539085909,12.39871434713409,15.107156091735968,0.152061855670103,2909984,219.03302440000695,37,67
UTSIndoorLoc,11,RC-NoMask,direct,top20_outage,388.0,10.862853050231934,8.606311798095703,13.539640426635742,13.971703052520752,21.6680269241333,27.91874685287474,0.095360824742268,2909984,219.03302440000695,37,67
UTSIndoorLoc,11,RC-NoMask,fused,top20_outage,388.0,11.40774838336914,8.965950357109572,14.499359523925651,14.478332208612208,24.286524484405373,30.33529653434427,0.0902061855670103,2909984,219.03302440000695,37,67
UTSIndoorLoc,11,RC-NoMask,direct,top20_outage_plus_bias4db,388.0,10.825586318969728,8.738824844360352,13.432666778564451,13.7254900932312,21.540773010253908,29.85330600738524,0.0927835051546391,2909984,219.03302440000695,37,67
UTSIndoorLoc,11,RC-NoMask,fused,top20_outage_plus_bias4db,388.0,11.292462554655383,9.205826607200684,14.379836225760409,14.0697087118292,23.642008431240274,31.309407086975504,0.1134020618556701,2909984,219.03302440000695,37,67
UTSIndoorLoc,11,RC-NoReconstruction,direct,clean,388.0,7.096063137054443,6.269284248352051,8.679911613464355,9.0207359790802,11.74935121536255,15.638317918777457,0.1546391752577319,2770899,289.30375769990496,83,113
UTSIndoorLoc,11,RC-NoReconstruction,fused,clean,388.0,7.288689048549453,6.36822044071703,8.87300013821294,8.998941285215949,12.123418577760235,16.582079666867628,0.1443298969072164,2770899,289.30375769990496,83,113
UTSIndoorLoc,11,RC-NoReconstruction,direct,device_offset_-6db,388.0,7.0150675773620605,6.10153341293335,8.591379165649414,9.095873594284058,11.933014392852783,15.414459753036494,0.1675257731958762,2770899,289.30375769990496,83,113
UTSIndoorLoc,11,RC-NoReconstruction,fused,device_offset_-6db,388.0,7.039111182048042,6.2297167673613565,8.553049249027945,9.16584430119577,11.88183415548797,15.298564052134727,0.1597938144329896,2770899,289.30375769990496,83,113
UTSIndoorLoc,11,RC-NoReconstruction,direct,persistent_bias_8db,388.0,7.078254222869873,6.244049072265625,8.661696434020996,9.174081802368164,11.74448413848877,14.905167293548574,0.1804123711340206,2770899,289.30375769990496,83,113
UTSIndoorLoc,11,RC-NoReconstruction,fused,persistent_bias_8db,388.0,7.226473751205604,6.410699793380807,8.743505195527767,9.273604384787562,12.209852056193704,15.99301237475076,0.1649484536082474,2770899,289.30375769990496,83,113
UTSIndoorLoc,11,RC-NoReconstruction,direct,top20_outage,388.0,10.144248962402344,8.66518783569336,12.39189338684082,13.121572256088257,19.89937553405762,24.267886066436755,0.1134020618556701,2770899,289.30375769990496,83,113
UTSIndoorLoc,11,RC-NoReconstruction,fused,top20_outage,388.0,10.369060813847575,8.842696054329036,12.608294551745589,13.641099667185197,19.955339802326016,24.67444580738196,0.1082474226804123,2770899,289.30375769990496,83,113
UTSIndoorLoc,11,RC-NoReconstruction,direct,top20_outage_plus_bias4db,388.0,10.12316608428955,8.697755813598633,12.330878257751465,13.02701735496521,19.522369956970216,24.623633193969717,0.095360824742268,2770899,289.30375769990496,83,113
UTSIndoorLoc,11,RC-NoReconstruction,fused,top20_outage_plus_bias4db,388.0,10.369469145349372,8.901238826975192,12.608303661712268,13.657405522349968,19.8882079229166,25.12224021459335,0.095360824742268,2770899,289.30375769990496,83,113
UTSIndoorLoc,22,RC-NoAugCoord,direct,clean,388.0,6.913174152374268,5.950762271881104,8.556802749633789,9.038468599319458,12.035442352294922,15.618671607971187,0.1855670103092783,3034912,674.0393008999527,159,189
UTSIndoorLoc,22,RC-NoAugCoord,fused,clean,388.0,7.207000000700814,6.230368943963828,8.839132282674722,9.300749086222185,13.029175001307214,16.415155891818568,0.1804123711340206,3034912,674.0393008999527,159,189
UTSIndoorLoc,22,RC-NoAugCoord,direct,device_offset_-6db,388.0,6.832149505615234,5.877955436706543,8.478574752807617,8.834316968917847,12.53044958114624,15.377761077880857,0.2010309278350515,3034912,674.0393008999527,159,189
UTSIndoorLoc,22,RC-NoAugCoord,fused,device_offset_-6db,388.0,7.265599127009355,6.405118636263485,8.925781480601659,9.732089103379478,13.389338274148727,16.591095365176685,0.2087628865979381,3034912,674.0393008999527,159,189
UTSIndoorLoc,22,RC-NoAugCoord,direct,persistent_bias_8db,388.0,6.961551666259766,6.060683250427246,8.542311668395996,8.864964962005615,12.36166400909424,15.487389516830444,0.1752577319587628,3034912,674.0393008999527,159,189
UTSIndoorLoc,22,RC-NoAugCoord,fused,persistent_bias_8db,388.0,7.061619655220352,6.293546515635269,8.649354438152733,8.963505742623699,12.361798595413116,15.622165188736382,0.1829896907216494,3034912,674.0393008999527,159,189
UTSIndoorLoc,22,RC-NoAugCoord,direct,top20_outage,388.0,10.65048122406006,8.339473724365234,13.535870552062988,13.78201961517334,22.877270698547363,29.041670799255357,0.1211340206185567,3034912,674.0393008999527,159,189
UTSIndoorLoc,22,RC-NoAugCoord,fused,top20_outage,388.0,11.0813173506011,8.941209659068818,13.971022374776274,14.115088063090097,21.64414692525702,29.31847415787488,0.1262886597938144,3034912,674.0393008999527,159,189
UTSIndoorLoc,22,RC-NoAugCoord,direct,top20_outage_plus_bias4db,388.0,10.600913047790527,8.338857650756836,13.410849571228027,13.206977128982544,22.584915733337407,28.643918228149413,0.1185567010309278,3034912,674.0393008999527,159,189
UTSIndoorLoc,22,RC-NoAugCoord,fused,top20_outage_plus_bias4db,388.0,11.072642583792604,8.72977867326657,13.896183916960169,14.03976958757416,21.59213349739634,29.13195636813345,0.1134020618556701,3034912,674.0393008999527,159,189
UTSIndoorLoc,22,RC-NoCoarseHeads,direct,clean,388.0,7.025671482086182,6.074211120605469,8.790125846862793,8.876794338226318,12.281551551818849,15.954848194122306,0.1829896907216494,3034912,269.9755187998526,55,85
UTSIndoorLoc,22,RC-NoCoarseHeads,fused,clean,388.0,7.049915039203262,6.074211292647824,8.817809985861876,8.88574438991039,12.378280317715603,15.866639347885812,0.1778350515463917,3034912,269.9755187998526,55,85
UTSIndoorLoc,22,RC-NoCoarseHeads,direct,device_offset_-6db,388.0,6.985248565673828,6.111989974975586,8.74548625946045,8.946147203445435,12.081322765350343,15.464285802841186,0.1752577319587628,3034912,269.9755187998526,55,85
UTSIndoorLoc,22,RC-NoCoarseHeads,fused,device_offset_-6db,388.0,7.001872460834146,6.115903781469383,8.755468961688536,8.966702396539722,12.022903768355336,15.464285957800834,0.1752577319587628,3034912,269.9755187998526,55,85
UTSIndoorLoc,22,RC-NoCoarseHeads,direct,persistent_bias_8db,388.0,7.042447566986084,6.10606861114502,8.769579887390137,8.974807262420654,12.552930736541748,15.212718391418454,0.2036082474226804,3034912,269.9755187998526,55,85
UTSIndoorLoc,22,RC-NoCoarseHeads,fused,persistent_bias_8db,388.0,7.04856663810215,6.048843637644279,8.78210419269107,8.974806955050024,12.552930744407371,15.241008425108935,0.2010309278350515,3034912,269.9755187998526,55,85
UTSIndoorLoc,22,RC-NoCoarseHeads,direct,top20_outage,388.0,10.6569185256958,8.330893516540527,13.865138053894045,13.968503713607788,21.38197078704834,28.70147800445556,0.1391752577319587,3034912,269.9755187998526,55,85
UTSIndoorLoc,22,RC-NoCoarseHeads,fused,top20_outage,388.0,10.662763091337329,8.315510954850513,13.877420521963243,13.968503870146325,21.38805426757464,28.70147747281281,0.1417525773195876,3034912,269.9755187998526,55,85
UTSIndoorLoc,22,RC-NoCoarseHeads,direct,top20_outage_plus_bias4db,388.0,10.756938934326172,8.391778945922852,14.052090644836426,14.080316305160522,21.956802368164062,28.84961204528807,0.1391752577319587,3034912,269.9755187998526,55,85
UTSIndoorLoc,22,RC-NoCoarseHeads,fused,top20_outage_plus_bias4db,388.0,10.761182671921617,8.32464872975567,14.067290669737693,14.109324341260107,22.05804463661688,28.84961145988142,0.1391752577319587,3034912,269.9755187998526,55,85
UTSIndoorLoc,22,RC-NoConsistency,direct,clean,388.0,7.006436824798584,5.857430458068848,8.606900215148926,9.20353865623474,12.31199312210083,14.863118696212752,0.1649484536082474,3034912,368.47413190011866,67,97
UTSIndoorLoc,22,RC-NoConsistency,fused,clean,388.0,7.018964541205264,5.976472034201773,8.66462326539463,9.35202688004884,12.433127714607688,15.05424384723379,0.1932989690721649,3034912,368.47413190011866,67,97
UTSIndoorLoc,22,RC-NoConsistency,direct,device_offset_-6db,388.0,6.927840232849121,5.922074794769287,8.517699241638184,8.972921133041382,12.268026733398438,14.960436582565306,0.1675257731958762,3034912,368.47413190011866,67,97
UTSIndoorLoc,22,RC-NoConsistency,fused,device_offset_-6db,388.0,7.048315265403279,6.055264031578683,8.674224282215048,9.281464049805404,12.663579558490158,15.754417229748745,0.2139175257731958,3034912,368.47413190011866,67,97
UTSIndoorLoc,22,RC-NoConsistency,direct,persistent_bias_8db,388.0,7.0252861976623535,6.07879638671875,8.545999526977539,9.05898141860962,11.989125537872315,15.152906513214113,0.1623711340206185,3034912,368.47413190011866,67,97
UTSIndoorLoc,22,RC-NoConsistency,fused,persistent_bias_8db,388.0,7.118147043135713,6.249073608392799,8.711530862328956,9.269564744082016,12.648625634140094,15.0735186459423,0.1932989690721649,3034912,368.47413190011866,67,97
UTSIndoorLoc,22,RC-NoConsistency,direct,top20_outage,388.0,10.044694900512695,7.9607367515563965,12.545870780944824,13.177560567855837,19.24696674346924,25.941473484039303,0.1030927835051546,3034912,368.47413190011866,67,97
UTSIndoorLoc,22,RC-NoConsistency,fused,top20_outage,388.0,10.824800127742336,9.136133778435958,13.482470983688131,14.051137710422518,20.49348047055587,27.752696691396626,0.1185567010309278,3034912,368.47413190011866,67,97
UTSIndoorLoc,22,RC-NoConsistency,direct,top20_outage_plus_bias4db,388.0,10.03601360321045,8.092290878295898,12.452486038208008,12.8326518535614,19.09339809417725,25.631566810607907,0.1030927835051546,3034912,368.47413190011866,67,97
UTSIndoorLoc,22,RC-NoConsistency,fused,top20_outage_plus_bias4db,388.0,10.862360415179936,9.118575274407752,13.42387329228767,14.325124956120662,20.479567055142965,27.52153938662316,0.1211340206185567,3034912,368.47413190011866,67,97
UTSIndoorLoc,22,RC-NoCorruption,direct,clean,388.0,7.500125885009766,6.545668601989746,9.178570747375488,10.057774305343628,13.292257976531983,15.467855978012082,0.1984536082474226,3034912,223.07873190008104,94,124
UTSIndoorLoc,22,RC-NoCorruption,fused,clean,388.0,7.780570221784157,6.477413245040248,9.64898001633115,10.413978270710128,14.367852181761188,17.88789402658461,0.1752577319587628,3034912,223.07873190008104,94,124
UTSIndoorLoc,22,RC-NoCorruption,direct,device_offset_-6db,388.0,7.530328750610352,6.540155410766602,9.211003303527832,9.952215194702148,13.87958002090454,15.550712871551513,0.2010309278350515,3034912,223.07873190008104,94,124
UTSIndoorLoc,22,RC-NoCorruption,fused,device_offset_-6db,388.0,8.050286173141888,6.828265895320872,9.980737411295737,10.433263273622806,14.717200422458616,19.21509862351432,0.1829896907216494,3034912,223.07873190008104,94,124
UTSIndoorLoc,22,RC-NoCorruption,direct,persistent_bias_8db,388.0,7.550593852996826,6.748086452484131,9.151241302490234,9.932612419128418,12.597561264038088,17.031325531005848,0.1597938144329896,3034912,223.07873190008104,94,124
UTSIndoorLoc,22,RC-NoCorruption,fused,persistent_bias_8db,388.0,7.778988713700312,6.753138847946056,9.61865807365441,10.159793418337117,14.469122359640023,17.896972815315525,0.172680412371134,3034912,223.07873190008104,94,124
UTSIndoorLoc,22,RC-NoCorruption,direct,top20_outage,388.0,10.74843978881836,9.063992500305176,13.221433639526367,13.281497478485107,21.329499435424804,25.37327394485473,0.0824742268041237,3034912,223.07873190008104,94,124
UTSIndoorLoc,22,RC-NoCorruption,fused,top20_outage,388.0,11.232808714985842,9.108250153494057,13.800070725837635,14.521571120621855,22.24754058546254,27.884866610597456,0.0902061855670103,3034912,223.07873190008104,94,124
UTSIndoorLoc,22,RC-NoCorruption,direct,top20_outage_plus_bias4db,388.0,10.766810417175291,8.999666213989258,13.197264671325684,13.628294706344604,20.903916740417483,24.93101463317871,0.0773195876288659,3034912,223.07873190008104,94,124
UTSIndoorLoc,22,RC-NoCorruption,fused,top20_outage_plus_bias4db,388.0,11.350069150652557,9.520644669430606,14.006063581402882,14.51148958089432,21.707168791216205,27.309213907697902,0.0927835051546391,3034912,223.07873190008104,94,124
UTSIndoorLoc,22,RC-NoMask,direct,clean,388.0,7.124733924865723,6.011663436889648,8.802556991577148,8.800271034240723,12.55080041885376,14.799075555801386,0.1649484536082474,2909984,320.1496910999995,44,74
UTSIndoorLoc,22,RC-NoMask,fused,clean,388.0,6.990988725008697,6.161828020650033,8.670514272274035,9.083439645117018,12.67176630072587,15.370273242638152,0.1958762886597938,2909984,320.1496910999995,44,74
UTSIndoorLoc,22,RC-NoMask,direct,device_offset_-6db,388.0,7.158563137054443,6.129514694213867,8.865232467651367,9.035517692565918,12.67695999145508,15.23689355850219,0.1855670103092783,2909984,320.1496910999995,44,74
UTSIndoorLoc,22,RC-NoMask,fused,device_offset_-6db,388.0,7.3734760466712785,6.371466349922866,9.127961426431607,9.374626399180576,13.784593684949709,16.506374922500513,0.1855670103092783,2909984,320.1496910999995,44,74
UTSIndoorLoc,22,RC-NoMask,direct,persistent_bias_8db,388.0,7.114911079406738,6.209721565246582,8.716631889343262,9.133527278900146,12.017352199554445,15.283925056457516,0.1649484536082474,2909984,320.1496910999995,44,74
UTSIndoorLoc,22,RC-NoMask,fused,persistent_bias_8db,388.0,7.01584510820938,6.1873014286465065,8.71374348834542,9.168191028506122,12.849069483447948,15.54200974448161,0.2061855670103092,2909984,320.1496910999995,44,74
UTSIndoorLoc,22,RC-NoMask,direct,top20_outage,388.0,12.194457054138184,9.104220390319824,15.839459419250488,15.069225072860718,25.919047737121584,34.934989166259726,0.0850515463917525,2909984,320.1496910999995,44,74
UTSIndoorLoc,22,RC-NoMask,fused,top20_outage,388.0,12.761014978996633,9.385403968822176,16.556594287432358,17.531101289738583,27.169951772186693,35.59953395850984,0.0979381443298969,2909984,320.1496910999995,44,74
UTSIndoorLoc,22,RC-NoMask,direct,top20_outage_plus_bias4db,388.0,12.351444244384766,9.144393920898438,16.00653648376465,15.599908113479614,25.4064790725708,36.32364234924314,0.0747422680412371,2909984,320.1496910999995,44,74
UTSIndoorLoc,22,RC-NoMask,fused,top20_outage_plus_bias4db,388.0,12.859986618880017,9.499826493072437,16.823844346599305,17.144419014426305,26.821305733818782,37.8910473677931,0.1030927835051546,2909984,320.1496910999995,44,74
UTSIndoorLoc,22,RC-NoReconstruction,direct,clean,388.0,7.101534843444824,6.221959114074707,8.762656211853027,9.225858211517334,12.197659301757811,15.0766731262207,0.1855670103092783,2770899,407.069015200017,87,117
UTSIndoorLoc,22,RC-NoReconstruction,fused,clean,388.0,7.0626560579708455,6.237147601573016,8.721068299914394,8.983048290477154,12.377682271586222,15.345096291652256,0.1958762886597938,2770899,407.069015200017,87,117
UTSIndoorLoc,22,RC-NoReconstruction,direct,device_offset_-6db,388.0,7.01422929763794,6.00808048248291,8.651244163513184,9.139082431793211,12.33538761138916,15.189490985870355,0.1804123711340206,2770899,407.069015200017,87,117
UTSIndoorLoc,22,RC-NoReconstruction,fused,device_offset_-6db,388.0,6.9779102221191724,6.09603326669002,8.635815074466862,9.073094212534595,12.84920790485292,15.904308327150591,0.1984536082474226,2770899,407.069015200017,87,117
UTSIndoorLoc,22,RC-NoReconstruction,direct,persistent_bias_8db,388.0,7.182178020477295,6.291627407073975,8.823195457458496,9.342642068862917,12.223824310302737,15.060368633270262,0.1804123711340206,2770899,407.069015200017,87,117
UTSIndoorLoc,22,RC-NoReconstruction,fused,persistent_bias_8db,388.0,7.154943295789299,6.356946608506427,8.789861669631685,9.257536612593244,12.866378645338578,15.48881951947879,0.1855670103092783,2770899,407.069015200017,87,117
UTSIndoorLoc,22,RC-NoReconstruction,direct,top20_outage,388.0,10.054101943969728,8.154870986938477,12.56045913696289,12.875389814376833,20.507835006713872,25.444908428192136,0.1211340206185567,2770899,407.069015200017,87,117
UTSIndoorLoc,22,RC-NoReconstruction,fused,top20_outage,388.0,10.238044264556663,8.470051210286389,12.584552942382947,13.1419787324069,20.586359159834085,24.475507421465974,0.1159793814432989,2770899,407.069015200017,87,117
UTSIndoorLoc,22,RC-NoReconstruction,direct,top20_outage_plus_bias4db,388.0,10.110601425170898,8.290178298950195,12.570679664611816,12.922678709030151,20.683610725402836,25.382479190826416,0.1211340206185567,2770899,407.069015200017,87,117
UTSIndoorLoc,22,RC-NoReconstruction,fused,top20_outage_plus_bias4db,388.0,10.360643435416442,8.568358429056403,12.732617394227743,13.548363180508549,20.282307433593587,25.21862934737214,0.1056701030927835,2770899,407.069015200017,87,117
UTSIndoorLoc,33,RC-NoAugCoord,direct,clean,388.0,6.968196392059326,6.090089797973633,8.500703811645508,8.882107257843018,11.452019214630129,14.511889266967769,0.1649484536082474,3034912,495.5203596998472,89,119
UTSIndoorLoc,33,RC-NoAugCoord,fused,clean,388.0,6.952527029267774,6.139859786931664,8.64859277644922,8.912640454914577,12.20810439701151,14.98735864136388,0.2036082474226804,3034912,495.5203596998472,89,119
UTSIndoorLoc,33,RC-NoAugCoord,direct,device_offset_-6db,388.0,6.95029354095459,6.027234077453613,8.471251487731934,8.853811502456665,11.840048503875732,14.572343254089349,0.1469072164948453,3034912,495.5203596998472,89,119
UTSIndoorLoc,33,RC-NoAugCoord,fused,device_offset_-6db,388.0,6.847302070003196,6.073978327961051,8.458086367058904,8.841197236632711,11.744004314578696,14.864149515416246,0.190721649484536,3034912,495.5203596998472,89,119
UTSIndoorLoc,33,RC-NoAugCoord,direct,persistent_bias_8db,388.0,7.0728440284729,6.233321189880371,8.644759178161621,8.866028547286987,11.849071884155276,14.7069128036499,0.1752577319587628,3034912,495.5203596998472,89,119
UTSIndoorLoc,33,RC-NoAugCoord,fused,persistent_bias_8db,388.0,7.055051690894167,6.189909893566769,8.798717472859082,8.886652842700409,12.102921616248272,15.579465494575947,0.1829896907216494,3034912,495.5203596998472,89,119
UTSIndoorLoc,33,RC-NoAugCoord,direct,top20_outage,388.0,10.127793312072754,8.053552627563477,12.597967147827148,12.314443349838257,19.913647842407222,25.92505903244018,0.095360824742268,3034912,495.5203596998472,89,119
UTSIndoorLoc,33,RC-NoAugCoord,fused,top20_outage,388.0,10.904947579555726,8.80878368833244,13.732810240174569,13.11149638101302,21.002980796708805,27.468628000457585,0.0902061855670103,3034912,495.5203596998472,89,119
UTSIndoorLoc,33,RC-NoAugCoord,direct,top20_outage_plus_bias4db,388.0,10.128942489624023,7.95843505859375,12.715668678283691,12.627313613891602,20.35113754272461,25.92309999465942,0.1056701030927835,3034912,495.5203596998472,89,119
UTSIndoorLoc,33,RC-NoAugCoord,fused,top20_outage_plus_bias4db,388.0,10.913799457286643,8.376632782556841,13.989844751340868,13.077061780258653,21.52471861872036,28.92500565786488,0.0902061855670103,3034912,495.5203596998472,89,119
UTSIndoorLoc,33,RC-NoCoarseHeads,direct,clean,388.0,6.951481342315674,5.979893684387207,8.642136573791504,8.717618942260742,11.98531093597412,15.203693294525138,0.1881443298969072,3034912,357.74035020009615,63,93
UTSIndoorLoc,33,RC-NoCoarseHeads,fused,clean,388.0,6.94985968517134,5.937404105637959,8.639864119741741,8.607966191405627,12.00763608389036,15.114292030005426,0.1932989690721649,3034912,357.74035020009615,63,93
UTSIndoorLoc,33,RC-NoCoarseHeads,direct,device_offset_-6db,388.0,6.9045820236206055,5.8463215827941895,8.649502754211426,8.788834571838379,12.45552272796631,15.337251663208006,0.1932989690721649,3034912,357.74035020009615,63,93
UTSIndoorLoc,33,RC-NoCoarseHeads,fused,device_offset_-6db,388.0,6.928818373724503,5.859022310971269,8.630057304713109,8.67575741056094,12.292872200314674,14.845183283229574,0.1752577319587628,3034912,357.74035020009615,63,93
UTSIndoorLoc,33,RC-NoCoarseHeads,direct,persistent_bias_8db,388.0,6.956923484802246,6.004664897918701,8.711197853088379,8.852620124816895,12.074697875976565,15.275634288787842,0.1932989690721649,3034912,357.74035020009615,63,93
UTSIndoorLoc,33,RC-NoCoarseHeads,fused,persistent_bias_8db,388.0,7.001216833080247,6.177238393126609,8.731596007658114,8.852620429801695,11.928076365933563,15.213111190564751,0.211340206185567,3034912,357.74035020009615,63,93
UTSIndoorLoc,33,RC-NoCoarseHeads,direct,top20_outage,388.0,9.733911514282228,8.14682388305664,12.290154457092283,12.70195484161377,18.82152156829834,25.12326612472534,0.1391752577319587,3034912,357.74035020009615,63,93
UTSIndoorLoc,33,RC-NoCoarseHeads,fused,top20_outage,388.0,9.827142605345896,8.205164936335464,12.340513349740013,12.716735858008647,18.870076410094494,25.13207537267318,0.134020618556701,3034912,357.74035020009615,63,93
UTSIndoorLoc,33,RC-NoCoarseHeads,direct,top20_outage_plus_bias4db,388.0,9.650141716003418,7.942695617675781,12.248093605041504,13.006073713302612,18.609541130065924,24.421832084655755,0.1494845360824742,3034912,357.74035020009615,63,93
UTSIndoorLoc,33,RC-NoCoarseHeads,fused,top20_outage_plus_bias4db,388.0,9.70273499515306,7.906659969301823,12.258619918558006,13.007270185433624,18.551512574825058,25.112109043343384,0.152061855670103,3034912,357.74035020009615,63,93
UTSIndoorLoc,33,RC-NoConsistency,direct,clean,388.0,6.758703708648682,6.112998962402344,8.366568565368652,8.837524175643921,11.182453060150149,15.110925245285031,0.1932989690721649,3034912,612.9935057000257,115,145
UTSIndoorLoc,33,RC-NoConsistency,fused,clean,388.0,6.794684048048622,6.026650679598516,8.402925716351085,8.732687155089637,11.191559548960822,15.340848783058387,0.1778350515463917,3034912,612.9935057000257,115,145
UTSIndoorLoc,33,RC-NoConsistency,direct,device_offset_-6db,388.0,6.714301586151123,5.915216445922852,8.312601089477539,8.420762300491333,11.11034564971924,15.179389429092405,0.2087628865979381,3034912,612.9935057000257,115,145
UTSIndoorLoc,33,RC-NoConsistency,fused,device_offset_-6db,388.0,6.698399890422566,5.915598438853092,8.276103424448959,8.364142019441202,11.152468055801611,15.3922460692866,0.2036082474226804,3034912,612.9935057000257,115,145
UTSIndoorLoc,33,RC-NoConsistency,direct,persistent_bias_8db,388.0,6.795191287994385,5.9065656661987305,8.490926742553711,8.888061761856079,11.576457214355472,14.916701984405517,0.2319587628865979,3034912,612.9935057000257,115,145
UTSIndoorLoc,33,RC-NoConsistency,fused,persistent_bias_8db,388.0,6.796027059343208,5.909420506217392,8.51499852066668,8.788477834417767,11.576457259274088,15.14261190241356,0.229381443298969,3034912,612.9935057000257,115,145
UTSIndoorLoc,33,RC-NoConsistency,direct,top20_outage,388.0,9.938070297241213,8.427566528320312,12.312725067138672,12.51288628578186,19.187821197509766,23.20745830535888,0.1365979381443298,3034912,612.9935057000257,115,145
UTSIndoorLoc,33,RC-NoConsistency,fused,top20_outage,388.0,9.945172202094987,8.333034798716376,12.30353229269782,12.409062379031832,19.16571443444675,23.20745837228635,0.1314432989690721,3034912,612.9935057000257,115,145
UTSIndoorLoc,33,RC-NoConsistency,direct,top20_outage_plus_bias4db,388.0,9.90732479095459,8.109331130981445,12.339836120605469,12.70819926261902,19.195131874084478,24.91055164337158,0.1391752577319587,3034912,612.9935057000257,115,145
UTSIndoorLoc,33,RC-NoConsistency,fused,top20_outage_plus_bias4db,388.0,9.883930076771064,8.085549674088085,12.325625433479289,12.422031384945242,19.19513188543541,24.969540719940216,0.134020618556701,3034912,612.9935057000257,115,145
UTSIndoorLoc,33,RC-NoCorruption,direct,clean,388.0,7.644434452056885,6.571552276611328,9.20910358428955,9.715152263641356,13.377293300628663,16.413394737243646,0.1288659793814432,3034912,187.4242916000076,64,94
UTSIndoorLoc,33,RC-NoCorruption,fused,clean,388.0,7.665970479900706,6.702206394019241,9.317287304493114,9.8705535696439,13.338022426411706,16.828861633364678,0.1572164948453608,3034912,187.4242916000076,64,94
UTSIndoorLoc,33,RC-NoCorruption,direct,device_offset_-6db,388.0,7.714127540588379,6.765219211578369,9.21956729888916,9.873825788497925,13.428487873077394,16.10141763687134,0.1469072164948453,3034912,187.4242916000076,64,94
UTSIndoorLoc,33,RC-NoCorruption,fused,device_offset_-6db,388.0,7.811356485612678,6.777512633130925,9.325337195639188,10.029356689478462,13.411395218348115,16.790744702962996,0.1391752577319587,3034912,187.4242916000076,64,94
UTSIndoorLoc,33,RC-NoCorruption,direct,persistent_bias_8db,388.0,7.947188854217529,6.946012496948242,9.571945190429688,10.186059713363647,14.121863746643069,17.4762361526489,0.1417525773195876,3034912,187.4242916000076,64,94
UTSIndoorLoc,33,RC-NoCorruption,fused,persistent_bias_8db,388.0,7.959745415374044,6.978564305106509,9.592834532662636,10.176865272722226,14.932366943935818,18.04002189064762,0.1314432989690721,3034912,187.4242916000076,64,94
UTSIndoorLoc,33,RC-NoCorruption,direct,top20_outage,388.0,11.96239185333252,9.930978775024414,14.696074485778809,15.311374425888062,24.27694435119629,29.712201309204097,0.0747422680412371,3034912,187.4242916000076,64,94
UTSIndoorLoc,33,RC-NoCorruption,fused,top20_outage,388.0,12.19265450805394,10.07197876619334,15.075541751323504,15.765753375298829,23.856253757082623,29.480429702018935,0.0773195876288659,3034912,187.4242916000076,64,94
UTSIndoorLoc,33,RC-NoCorruption,direct,top20_outage_plus_bias4db,388.0,11.966551780700684,9.763147354125977,14.732888221740724,15.724762678146362,23.880410575866694,30.544884872436505,0.0798969072164948,3034912,187.4242916000076,64,94
UTSIndoorLoc,33,RC-NoCorruption,fused,top20_outage_plus_bias4db,388.0,12.338493335986538,10.009573706136878,15.359333840713113,16.10112013563959,24.179910190778653,31.21190971660073,0.0850515463917525,3034912,187.4242916000076,64,94
UTSIndoorLoc,33,RC-NoMask,direct,clean,388.0,7.029970169067383,5.973416328430176,8.836403846740723,9.246562957763672,12.41681938171387,15.244295835494992,0.1958762886597938,2909984,455.2697660000995,109,139
UTSIndoorLoc,33,RC-NoMask,fused,clean,388.0,7.089836458899956,6.306147409083687,8.910336422157695,9.103505082226192,12.47357902474782,16.873860893484977,0.2164948453608247,2909984,455.2697660000995,109,139
UTSIndoorLoc,33,RC-NoMask,direct,device_offset_-6db,388.0,7.032732963562012,5.857631683349609,8.82504653930664,9.281192779541016,12.941870975494387,15.467941570281976,0.2036082474226804,2909984,455.2697660000995,109,139
UTSIndoorLoc,33,RC-NoMask,fused,device_offset_-6db,388.0,7.1880575276931005,6.268530201000816,8.920140849646407,9.239344242890269,12.781831888515148,17.07008458588938,0.2036082474226804,2909984,455.2697660000995,109,139
UTSIndoorLoc,33,RC-NoMask,direct,persistent_bias_8db,388.0,7.288894653320312,6.309600353240967,9.060762405395508,9.44982647895813,12.637900352478027,16.04287357330322,0.1829896907216494,2909984,455.2697660000995,109,139
UTSIndoorLoc,33,RC-NoMask,fused,persistent_bias_8db,388.0,7.332106645373421,6.510388948830693,9.147843941556124,9.30228153732534,12.823796179895398,16.898888427448227,0.2164948453608247,2909984,455.2697660000995,109,139
UTSIndoorLoc,33,RC-NoMask,direct,top20_outage,388.0,10.98843479156494,9.049707412719728,13.96725368499756,13.89318871498108,21.22735137939453,29.39749565124509,0.1211340206185567,2909984,455.2697660000995,109,139
UTSIndoorLoc,33,RC-NoMask,fused,top20_outage,388.0,11.645064181500471,9.346602658986937,14.960229632875384,14.723566355095056,25.08568414588245,29.90238759796624,0.1237113402061855,2909984,455.2697660000995,109,139
UTSIndoorLoc,33,RC-NoMask,direct,top20_outage_plus_bias4db,388.0,10.85595417022705,8.700971603393555,13.82516098022461,14.142401218414308,21.35387229919434,29.510139560699447,0.1185567010309278,2909984,455.2697660000995,109,139
UTSIndoorLoc,33,RC-NoMask,fused,top20_outage_plus_bias4db,388.0,11.32595642061202,8.856514539861466,14.62861505230648,14.30114711276127,24.446358650366047,30.55714712260088,0.1288659793814432,2909984,455.2697660000995,109,139
UTSIndoorLoc,33,RC-NoReconstruction,direct,clean,388.0,6.861708641052246,5.937447547912598,8.349411964416504,8.729870557785034,11.471142005920411,14.523250389099118,0.1623711340206185,2770899,304.5803660999518,48,78
UTSIndoorLoc,33,RC-NoReconstruction,fused,clean,388.0,6.914624125390428,5.954539950846731,8.498017116212097,8.671636670857781,12.017497914041298,15.415369792934976,0.1675257731958762,2770899,304.5803660999518,48,78
UTSIndoorLoc,33,RC-NoReconstruction,direct,device_offset_-6db,388.0,6.857177734375,5.972903251647949,8.36653995513916,8.679285049438477,11.91252326965332,15.212087678909295,0.1701030927835051,2770899,304.5803660999518,48,78
UTSIndoorLoc,33,RC-NoReconstruction,fused,device_offset_-6db,388.0,7.010293235600671,6.103840995970245,8.506439896587741,8.851802682862816,12.37744651681013,15.5650825538414,0.1778350515463917,2770899,304.5803660999518,48,78
UTSIndoorLoc,33,RC-NoReconstruction,direct,persistent_bias_8db,388.0,6.988068103790283,6.2953691482543945,8.484983444213867,8.739351272583008,11.651642131805422,14.40772500038146,0.1623711340206185,2770899,304.5803660999518,48,78
UTSIndoorLoc,33,RC-NoReconstruction,fused,persistent_bias_8db,388.0,7.019499998575328,6.236680119189481,8.569159334839814,8.940914956572989,11.974895333583891,15.430011588027574,0.1855670103092783,2770899,304.5803660999518,48,78
UTSIndoorLoc,33,RC-NoReconstruction,direct,top20_outage,388.0,10.334428787231444,8.234188079833984,13.288250923156738,13.01172947883606,19.17643051147461,27.388042926788323,0.1262886597938144,2770899,304.5803660999518,48,78
UTSIndoorLoc,33,RC-NoReconstruction,fused,top20_outage,388.0,10.799707928775234,8.837963315680454,14.197116831712597,13.035848334474604,20.815321027598,27.321303420138143,0.1082474226804123,2770899,304.5803660999518,48,78
UTSIndoorLoc,33,RC-NoReconstruction,direct,top20_outage_plus_bias4db,388.0,10.342844009399414,8.056514739990234,13.349939346313477,13.297149419784546,19.13178462982178,27.47742013931272,0.1134020618556701,2770899,304.5803660999518,48,78
UTSIndoorLoc,33,RC-NoReconstruction,fused,top20_outage_plus_bias4db,388.0,10.728370670077954,8.577201091530986,14.176152890443184,12.987979125369131,20.97291567621765,27.168564756662416,0.1237113402061855,2770899,304.5803660999518,48,78
UTSIndoorLoc,44,RC-NoAugCoord,direct,clean,388.0,6.786155700683594,5.848093032836914,8.467411041259766,8.632966041564941,11.539925479888918,14.99120006561279,0.190721649484536,3034912,553.992551199859,134,164
UTSIndoorLoc,44,RC-NoAugCoord,fused,clean,388.0,6.760195724835069,5.75792969055918,8.424741652166848,8.558690584462616,11.678024007005686,15.600835729660876,0.1778350515463917,3034912,553.992551199859,134,164
UTSIndoorLoc,44,RC-NoAugCoord,direct,device_offset_-6db,388.0,6.735479831695557,5.776764869689941,8.418966293334961,8.495845317840576,11.734574031829837,15.104960823059075,0.1984536082474226,3034912,553.992551199859,134,164
UTSIndoorLoc,44,RC-NoAugCoord,fused,device_offset_-6db,388.0,6.746103874852194,5.703323913604791,8.399142958413504,8.344961097747762,11.899729730492576,15.561313514616938,0.1932989690721649,3034912,553.992551199859,134,164
UTSIndoorLoc,44,RC-NoAugCoord,direct,persistent_bias_8db,388.0,6.952073097229004,5.913072109222412,8.653913497924805,8.70993685722351,12.025198841094973,14.999980306625364,0.190721649484536,3034912,553.992551199859,134,164
UTSIndoorLoc,44,RC-NoAugCoord,fused,persistent_bias_8db,388.0,6.98355750364398,5.851288695163802,8.643632567914555,8.6628731604517,12.042367763241076,15.806073191143255,0.1752577319587628,3034912,553.992551199859,134,164
UTSIndoorLoc,44,RC-NoAugCoord,direct,top20_outage,388.0,11.138808250427246,8.216181755065918,15.254862785339355,13.413323640823364,22.721876144409187,32.79433917999267,0.1288659793814432,3034912,553.992551199859,134,164
UTSIndoorLoc,44,RC-NoAugCoord,fused,top20_outage,388.0,11.352831120215788,8.439863164888845,15.52023193208202,13.705361782623566,23.621698185772857,33.09338151395646,0.1211340206185567,3034912,553.992551199859,134,164
UTSIndoorLoc,44,RC-NoAugCoord,direct,top20_outage_plus_bias4db,388.0,11.157931327819824,8.173463821411133,15.310940742492676,13.281639337539673,22.70248794555664,32.933677577972375,0.1262886597938144,3034912,553.992551199859,134,164
UTSIndoorLoc,44,RC-NoAugCoord,fused,top20_outage_plus_bias4db,388.0,11.376045779322231,8.254485946314706,15.586208223026892,13.590050303713024,22.8545639569179,32.870036173430925,0.1185567010309278,3034912,553.992551199859,134,164
UTSIndoorLoc,44,RC-NoCoarseHeads,direct,clean,388.0,6.844695568084717,5.732848644256592,8.564827919006348,8.8956458568573,12.538061332702638,15.294444465637206,0.2087628865979381,3034912,295.38403349998407,73,103
UTSIndoorLoc,44,RC-NoCoarseHeads,fused,clean,388.0,6.845682881463595,5.816448263107564,8.568569567247994,8.895646083768948,12.62944495255462,15.294444372471332,0.2139175257731958,3034912,295.38403349998407,73,103
UTSIndoorLoc,44,RC-NoCoarseHeads,direct,device_offset_-6db,388.0,6.782568454742432,5.7640485763549805,8.486113548278809,8.964679479598999,12.735008716583252,15.332139348983764,0.2139175257731958,3034912,295.38403349998407,73,103
UTSIndoorLoc,44,RC-NoCoarseHeads,fused,device_offset_-6db,388.0,6.784766747746471,5.705091586151665,8.492672360904532,8.976047818728997,12.826939747897235,15.33213909924266,0.2139175257731958,3034912,295.38403349998407,73,103
UTSIndoorLoc,44,RC-NoCoarseHeads,direct,persistent_bias_8db,388.0,6.969352722167969,5.836043357849121,8.77303409576416,8.73746657371521,13.335197353363036,15.126809358596802,0.211340206185567,3034912,295.38403349998407,73,103
UTSIndoorLoc,44,RC-NoCoarseHeads,fused,persistent_bias_8db,388.0,6.960420769009179,5.783148029822149,8.767702324719508,8.713406938805594,13.33519668200018,15.12680900679905,0.211340206185567,3034912,295.38403349998407,73,103
UTSIndoorLoc,44,RC-NoCoarseHeads,direct,top20_outage,388.0,10.216362953186035,7.90693473815918,13.346582412719728,13.56396222114563,20.85853843688965,27.55077362060545,0.152061855670103,3034912,295.38403349998407,73,103
UTSIndoorLoc,44,RC-NoCoarseHeads,fused,top20_outage,388.0,10.24097758033037,7.906934677318452,13.382997821499972,13.572999830555046,21.533205211963377,27.55077274701726,0.152061855670103,3034912,295.38403349998407,73,103
UTSIndoorLoc,44,RC-NoCoarseHeads,direct,top20_outage_plus_bias4db,388.0,10.253768920898438,7.821320533752441,13.405351638793944,13.280817747116089,21.3181474685669,27.80671577453612,0.152061855670103,3034912,295.38403349998407,73,103
UTSIndoorLoc,44,RC-NoCoarseHeads,fused,top20_outage_plus_bias4db,388.0,10.26950400439453,7.735872007058142,13.417386188989004,13.30059479524706,21.7293399390328,27.806715628715697,0.1494845360824742,3034912,295.38403349998407,73,103
UTSIndoorLoc,44,RC-NoConsistency,direct,clean,388.0,6.744502544403076,5.650096893310547,8.507346153259277,8.761579990386963,11.764652729034426,14.991438007354736,0.2345360824742268,3034912,355.5063928000164,114,144
UTSIndoorLoc,44,RC-NoConsistency,fused,clean,388.0,6.805469395158876,5.69379766071113,8.572658278052502,8.774197913426478,11.764652817927765,15.615283893270782,0.1984536082474226,3034912,355.5063928000164,114,144
UTSIndoorLoc,44,RC-NoConsistency,direct,device_offset_-6db,388.0,6.647317409515381,5.680587768554688,8.40604305267334,8.666311979293823,11.708282661437988,14.689094924926756,0.229381443298969,3034912,355.5063928000164,114,144
UTSIndoorLoc,44,RC-NoConsistency,fused,device_offset_-6db,388.0,6.690913362825323,5.644814916537989,8.442024773791294,8.717175158605308,11.708282805846318,15.3399776672024,0.211340206185567,3034912,355.5063928000164,114,144
UTSIndoorLoc,44,RC-NoConsistency,direct,persistent_bias_8db,388.0,6.879336833953857,5.801405906677246,8.690963745117188,8.790918350219727,12.307308578491211,14.96525626182556,0.2139175257731958,3034912,355.5063928000164,114,144
UTSIndoorLoc,44,RC-NoConsistency,fused,persistent_bias_8db,388.0,6.949481265553911,5.946759331514578,8.736345276295992,8.866060591848608,12.388544034253014,15.367532011838897,0.2036082474226804,3034912,355.5063928000164,114,144
UTSIndoorLoc,44,RC-NoConsistency,direct,top20_outage,388.0,11.672962188720703,8.097492218017578,15.788260459899902,14.116363525390623,27.49363822937012,35.37891883850094,0.1314432989690721,3034912,355.5063928000164,114,144
UTSIndoorLoc,44,RC-NoConsistency,fused,top20_outage,388.0,11.885300652578872,8.141171582717373,16.1941051622783,13.935093214257307,27.85972863768096,36.39835323735005,0.1185567010309278,3034912,355.5063928000164,114,144
UTSIndoorLoc,44,RC-NoConsistency,direct,top20_outage_plus_bias4db,388.0,11.784846305847168,8.424152374267578,16.018264770507812,13.723827123641968,27.65028343200684,35.61575984954833,0.1211340206185567,3034912,355.5063928000164,114,144
UTSIndoorLoc,44,RC-NoConsistency,fused,top20_outage_plus_bias4db,388.0,11.947022996831407,8.474717329821566,16.354949666215475,13.757538685651056,28.076073449263763,35.72046041056097,0.1262886597938144,3034912,355.5063928000164,114,144
UTSIndoorLoc,44,RC-NoCorruption,direct,clean,388.0,7.333858966827393,6.046317100524902,9.0752592086792,9.263634204864502,13.596045684814454,16.165204524993896,0.1701030927835051,3034912,155.86243169987574,53,83
UTSIndoorLoc,44,RC-NoCorruption,fused,clean,388.0,7.296872768489308,5.975848417535322,9.070821076125318,9.257529088279334,13.71542259193003,16.37952706837335,0.172680412371134,3034912,155.86243169987574,53,83
UTSIndoorLoc,44,RC-NoCorruption,direct,device_offset_-6db,388.0,7.3884477615356445,6.048530101776123,9.15090274810791,9.464717149734495,14.289784145355224,16.607055664062496,0.1804123711340206,3034912,155.86243169987574,53,83
UTSIndoorLoc,44,RC-NoCorruption,fused,device_offset_-6db,388.0,7.338697851288834,6.143173320910584,9.076345209790365,9.19185835715897,14.126684204061805,16.82202437649925,0.1752577319587628,3034912,155.86243169987574,53,83
UTSIndoorLoc,44,RC-NoCorruption,direct,persistent_bias_8db,388.0,7.543027877807617,6.607378959655762,9.287744522094728,9.71314001083374,13.878210735321046,16.730909824371334,0.1572164948453608,3034912,155.86243169987574,53,83
UTSIndoorLoc,44,RC-NoCorruption,fused,persistent_bias_8db,388.0,7.439245262562947,6.381584534560659,9.16026774118517,9.30865103563973,13.183383833800276,16.532710595610123,0.1546391752577319,3034912,155.86243169987574,53,83
UTSIndoorLoc,44,RC-NoCorruption,direct,top20_outage,388.0,11.326120376586914,9.387725830078123,13.935883522033691,15.2069730758667,21.656925773620607,27.921816539764396,0.095360824742268,3034912,155.86243169987574,53,83
UTSIndoorLoc,44,RC-NoCorruption,fused,top20_outage,388.0,11.468355731846396,9.307643718804297,14.028960501675298,15.6397424083768,21.51500320374048,28.57535212901113,0.095360824742268,3034912,155.86243169987574,53,83
UTSIndoorLoc,44,RC-NoCorruption,direct,top20_outage_plus_bias4db,388.0,11.365259170532228,9.348482131958008,13.931056022644045,15.009085655212402,21.59457778930664,27.27310161590576,0.0721649484536082,3034912,155.86243169987574,53,83
UTSIndoorLoc,44,RC-NoCorruption,fused,top20_outage_plus_bias4db,388.0,11.456410505175318,9.226993243579663,14.159100966867342,15.246555803669054,21.66826449728291,27.7136562368149,0.0798969072164948,3034912,155.86243169987574,53,83
UTSIndoorLoc,44,RC-NoMask,direct,clean,388.0,6.80630350112915,5.837014198303223,8.391266822814941,9.002332210540771,12.09535093307495,14.804220247268658,0.2036082474226804,2909984,541.4385643000714,138,168
UTSIndoorLoc,44,RC-NoMask,fused,clean,388.0,6.8211730128369386,5.846868583840478,8.402713818544285,9.002332192775766,12.029477390354456,14.961856981733035,0.1932989690721649,2909984,541.4385643000714,138,168
UTSIndoorLoc,44,RC-NoMask,direct,device_offset_-6db,388.0,6.788547992706299,5.84846305847168,8.392501831054688,9.074467182159424,12.07158546447754,14.916253614425653,0.2164948453608247,2909984,541.4385643000714,138,168
UTSIndoorLoc,44,RC-NoMask,fused,device_offset_-6db,388.0,6.853063186114286,5.887189713009377,8.446097870655446,9.230901161590836,12.159071529912334,15.28453660575686,0.1984536082474226,2909984,541.4385643000714,138,168
UTSIndoorLoc,44,RC-NoMask,direct,persistent_bias_8db,388.0,6.930281639099121,5.861372947692871,8.547635078430176,9.148147821426392,12.581302165985107,14.829039859771724,0.1958762886597938,2909984,541.4385643000714,138,168
UTSIndoorLoc,44,RC-NoMask,fused,persistent_bias_8db,388.0,6.941721041914452,5.896059480824793,8.56487339758226,9.207112526629814,12.643145563157663,14.837353385783222,0.1958762886597938,2909984,541.4385643000714,138,168
UTSIndoorLoc,44,RC-NoMask,direct,top20_outage,388.0,11.28102970123291,8.469963073730469,15.06080436706543,13.90422224998474,23.87394161224365,36.37622337341306,0.1417525773195876,2909984,541.4385643000714,138,168
UTSIndoorLoc,44,RC-NoMask,fused,top20_outage,388.0,11.283116903055888,8.51429935833713,15.072319726388804,13.96301624312591,24.316240388542408,36.37622273056572,0.1391752577319587,2909984,541.4385643000714,138,168
UTSIndoorLoc,44,RC-NoMask,direct,top20_outage_plus_bias4db,388.0,11.27108383178711,8.259275436401367,15.060200691223145,13.8446307182312,24.86973876953125,36.37283573150634,0.1443298969072164,2909984,541.4385643000714,138,168
UTSIndoorLoc,44,RC-NoMask,fused,top20_outage_plus_bias4db,388.0,11.280136163662709,8.310617609665563,15.074647500952008,13.844630796994176,24.86973916207229,36.37283626783396,0.1417525773195876,2909984,541.4385643000714,138,168
UTSIndoorLoc,44,RC-NoReconstruction,direct,clean,388.0,6.8719482421875,6.022922515869141,8.566997528076172,9.138315677642822,12.10232162475586,15.476543998718256,0.2164948453608247,2770899,473.45097050000913,148,178
UTSIndoorLoc,44,RC-NoReconstruction,fused,clean,388.0,6.789593682863554,5.904929069699536,8.470068376903177,8.741012053368431,12.033208550556225,15.768958061923836,0.2087628865979381,2770899,473.45097050000913,148,178
UTSIndoorLoc,44,RC-NoReconstruction,direct,device_offset_-6db,388.0,6.782872200012207,6.078726768493652,8.483802795410156,8.839431285858154,11.81748037338257,15.945821905136103,0.229381443298969,2770899,473.45097050000913,148,178
UTSIndoorLoc,44,RC-NoReconstruction,fused,device_offset_-6db,388.0,6.739268384674735,5.9151907736155644,8.42236643838816,8.56502605163734,12.499401850531177,15.851214614584688,0.2061855670103092,2770899,473.45097050000913,148,178
UTSIndoorLoc,44,RC-NoReconstruction,direct,persistent_bias_8db,388.0,6.935200214385986,6.084079742431641,8.715977668762207,8.985617876052856,12.391432476043702,15.41174874305725,0.2190721649484536,2770899,473.45097050000913,148,178
UTSIndoorLoc,44,RC-NoReconstruction,fused,persistent_bias_8db,388.0,6.935429155101522,6.212182149570138,8.659222379126629,8.691140428832272,12.001491273893066,16.03886974842407,0.2087628865979381,2770899,473.45097050000913,148,178
UTSIndoorLoc,44,RC-NoReconstruction,direct,top20_outage,388.0,11.389084815979004,8.368255615234375,15.451443672180176,14.85478162765503,24.519914245605477,34.26980285644525,0.1391752577319587,2770899,473.45097050000913,148,178
UTSIndoorLoc,44,RC-NoReconstruction,fused,top20_outage,388.0,11.374807982221231,8.32756724354093,15.346581817988008,14.07380963979412,24.07030328469492,33.08095841632815,0.134020618556701,2770899,473.45097050000913,148,178
UTSIndoorLoc,44,RC-NoReconstruction,direct,top20_outage_plus_bias4db,388.0,11.493581771850586,8.583724975585938,15.54667854309082,14.92594075202942,23.537783050537115,35.5258539199829,0.1262886597938144,2770899,473.45097050000913,148,178
UTSIndoorLoc,44,RC-NoReconstruction,fused,top20_outage_plus_bias4db,388.0,11.501868239431692,8.44860706251292,15.458456560404798,14.297599115690652,23.3730426121559,33.33797666617993,0.1211340206185567,2770899,473.45097050000913,148,178
UTSIndoorLoc,55,RC-NoAugCoord,direct,clean,388.0,6.971378326416016,5.858277797698975,8.516291618347168,8.979711294174194,11.800893020629887,15.000365543365476,0.1701030927835051,3034912,416.6828087000176,108,138
UTSIndoorLoc,55,RC-NoAugCoord,fused,clean,388.0,6.991293731168549,6.053205457040653,8.580746006621954,9.05494515370436,11.713474849844657,14.505850833986903,0.1958762886597938,3034912,416.6828087000176,108,138
UTSIndoorLoc,55,RC-NoAugCoord,direct,device_offset_-6db,388.0,6.936208724975586,6.053277492523193,8.491336822509766,8.734835624694824,11.993447494506835,14.802671432495114,0.1675257731958762,3034912,416.6828087000176,108,138
UTSIndoorLoc,55,RC-NoAugCoord,fused,device_offset_-6db,388.0,7.130160951235209,6.141761529740855,8.691978607195214,9.21093611539316,12.623021858092027,14.98302776482576,0.1855670103092783,3034912,416.6828087000176,108,138
UTSIndoorLoc,55,RC-NoAugCoord,direct,persistent_bias_8db,388.0,6.887951850891113,5.946422576904297,8.406014442443848,8.921287059783936,11.36983404159546,14.501721286773678,0.1649484536082474,3034912,416.6828087000176,108,138
UTSIndoorLoc,55,RC-NoAugCoord,fused,persistent_bias_8db,388.0,6.9237908378386885,6.042166155745358,8.47822922988432,8.945580916079559,11.793085366650269,14.54814566908886,0.172680412371134,3034912,416.6828087000176,108,138
UTSIndoorLoc,55,RC-NoAugCoord,direct,top20_outage,388.0,10.344623565673828,8.415375709533691,13.009241104125977,13.57470965385437,21.88387012481689,26.41391553878784,0.1391752577319587,3034912,416.6828087000176,108,138
UTSIndoorLoc,55,RC-NoAugCoord,fused,top20_outage,388.0,10.778337427023883,8.980218844444344,13.781392472918274,12.946607541430977,21.923987066889516,30.712471402561608,0.1314432989690721,3034912,416.6828087000176,108,138
UTSIndoorLoc,55,RC-NoAugCoord,direct,top20_outage_plus_bias4db,388.0,10.421083450317385,8.319293022155762,13.125883102416992,14.239627361297607,22.142637634277342,26.570618152618405,0.134020618556701,3034912,416.6828087000176,108,138
UTSIndoorLoc,55,RC-NoAugCoord,fused,top20_outage_plus_bias4db,388.0,11.013201278307283,9.082573352496322,14.086713569506006,13.483702546330129,22.91933141381321,32.410974163975354,0.1365979381443298,3034912,416.6828087000176,108,138
UTSIndoorLoc,55,RC-NoCoarseHeads,direct,clean,388.0,7.000179767608643,6.01280689239502,8.714812278747559,8.796621084213257,12.672773265838623,15.216864919662472,0.2010309278350515,3034912,281.2886584000662,59,89
UTSIndoorLoc,55,RC-NoCoarseHeads,fused,clean,388.0,7.06951297735451,6.153650449805337,8.651724008708806,9.043138893999558,12.662764515564568,15.216864920499756,0.1778350515463917,3034912,281.2886584000662,59,89
UTSIndoorLoc,55,RC-NoCoarseHeads,direct,device_offset_-6db,388.0,7.018627643585205,6.086174011230469,8.733451843261719,9.011835098266602,12.5201735496521,15.575583934783932,0.1958762886597938,3034912,281.2886584000662,59,89
UTSIndoorLoc,55,RC-NoCoarseHeads,fused,device_offset_-6db,388.0,7.007122758067113,6.031458360545047,8.743320449810492,9.257557923926225,12.35114646652828,15.983460850450744,0.1984536082474226,3034912,281.2886584000662,59,89
UTSIndoorLoc,55,RC-NoCoarseHeads,direct,persistent_bias_8db,388.0,6.879717826843262,6.051894187927246,8.475072860717773,8.812897682189941,11.84846239089966,14.92675318717956,0.172680412371134,3034912,281.2886584000662,59,89
UTSIndoorLoc,55,RC-NoCoarseHeads,fused,persistent_bias_8db,388.0,6.931527476416526,6.118102005670782,8.491118261344601,8.6836257069736,11.793985374921656,15.057969542428976,0.1701030927835051,3034912,281.2886584000662,59,89
UTSIndoorLoc,55,RC-NoCoarseHeads,direct,top20_outage,388.0,9.844743728637695,7.814481258392334,12.592595100402832,13.005789279937744,19.747671508789065,25.301408004760734,0.1572164948453608,3034912,281.2886584000662,59,89
UTSIndoorLoc,55,RC-NoCoarseHeads,fused,top20_outage,388.0,10.119519469728372,8.010822183224889,13.01061978200223,12.855622939981975,19.99889012039385,25.425156826635387,0.1494845360824742,3034912,281.2886584000662,59,89
UTSIndoorLoc,55,RC-NoCoarseHeads,direct,top20_outage_plus_bias4db,388.0,9.788666725158691,7.790550231933594,12.421939849853516,12.874269008636476,19.773009681701662,26.41312360763549,0.1623711340206185,3034912,281.2886584000662,59,89
UTSIndoorLoc,55,RC-NoCoarseHeads,fused,top20_outage_plus_bias4db,388.0,10.112829150497808,8.125985622048866,12.78582407074437,12.88584350369144,20.439818380538863,26.606843500124445,0.1572164948453608,3034912,281.2886584000662,59,89
UTSIndoorLoc,55,RC-NoConsistency,direct,clean,388.0,7.092884063720703,6.071749687194824,8.784078598022461,9.023525714874268,12.38274450302124,15.42635688781738,0.1675257731958762,3034912,351.5082062999718,107,137
UTSIndoorLoc,55,RC-NoConsistency,fused,clean,388.0,7.094264969961959,6.071749546876996,8.78470906691889,9.02352587876584,12.382744734001818,15.426356895272749,0.1675257731958762,3034912,351.5082062999718,107,137
UTSIndoorLoc,55,RC-NoConsistency,direct,device_offset_-6db,388.0,7.03107500076294,6.031517505645752,8.723182678222656,8.884724140167236,12.468430995941162,15.83258385658264,0.1804123711340206,3034912,351.5082062999718,107,137
UTSIndoorLoc,55,RC-NoConsistency,fused,device_offset_-6db,388.0,7.034270072663161,6.028053354613832,8.72803846054591,8.884724358789386,12.46843116851417,15.874076362863947,0.1804123711340206,3034912,351.5082062999718,107,137
UTSIndoorLoc,55,RC-NoConsistency,direct,persistent_bias_8db,388.0,7.026081562042236,6.090750694274902,8.645116806030273,9.010003566741943,11.88418130874634,14.479485464096063,0.172680412371134,3034912,351.5082062999718,107,137
UTSIndoorLoc,55,RC-NoConsistency,fused,persistent_bias_8db,388.0,7.024252288639666,6.090750480198574,8.64139026004919,9.01000329159042,11.884181545866232,14.47948561239419,0.172680412371134,3034912,351.5082062999718,107,137
UTSIndoorLoc,55,RC-NoConsistency,direct,top20_outage,388.0,9.809575080871582,8.066848754882812,12.3759183883667,12.39460039138794,19.5194450378418,26.19370441436765,0.1546391752577319,3034912,351.5082062999718,107,137
UTSIndoorLoc,55,RC-NoConsistency,fused,top20_outage,388.0,9.809659094447072,8.066848852012566,12.375934688228538,12.39459996103222,19.519445264829344,26.19370356417918,0.1546391752577319,3034912,351.5082062999718,107,137
UTSIndoorLoc,55,RC-NoConsistency,direct,top20_outage_plus_bias4db,388.0,9.770337104797363,7.806440830230713,12.348210334777832,12.550078630447388,19.355739402771,25.323106098175028,0.1572164948453608,3034912,351.5082062999718,107,137
UTSIndoorLoc,55,RC-NoConsistency,fused,top20_outage_plus_bias4db,388.0,9.768240220958296,7.806440764670185,12.345442533112235,12.550078341453329,19.355739301745672,25.323106227735064,0.1572164948453608,3034912,351.5082062999718,107,137
UTSIndoorLoc,55,RC-NoCorruption,direct,clean,388.0,7.573093891143799,6.748725891113281,9.200681686401367,10.02419114112854,13.78595304489136,16.170902919769286,0.1778350515463917,3034912,172.9588791001588,72,102
UTSIndoorLoc,55,RC-NoCorruption,fused,clean,388.0,7.531800446370726,6.739514641108767,9.210389411127617,10.168863579805906,13.506613832212322,17.11481650646608,0.1932989690721649,3034912,172.9588791001588,72,102
UTSIndoorLoc,55,RC-NoCorruption,direct,device_offset_-6db,388.0,7.699386596679687,7.006102085113525,9.317604064941406,9.99654459953308,13.935939311981205,16.442264366149903,0.1829896907216494,3034912,172.9588791001588,72,102
UTSIndoorLoc,55,RC-NoCorruption,fused,device_offset_-6db,388.0,7.681564246369229,6.794406340130762,9.323588325327476,10.363111865155926,14.185133838098151,16.708590464931433,0.1829896907216494,3034912,172.9588791001588,72,102
UTSIndoorLoc,55,RC-NoCorruption,direct,persistent_bias_8db,388.0,7.508496284484863,6.769364356994629,9.09766674041748,9.821817874908447,13.06713104248047,15.713587856292715,0.1701030927835051,3034912,172.9588791001588,72,102
UTSIndoorLoc,55,RC-NoCorruption,fused,persistent_bias_8db,388.0,7.290964806555053,6.703661069443165,8.877915436638188,9.565740383063682,12.664212529881922,15.469814104046488,0.1855670103092783,3034912,172.9588791001588,72,102
UTSIndoorLoc,55,RC-NoCorruption,direct,top20_outage,388.0,11.912562370300291,10.124752044677734,14.471967697143556,14.54692816734314,23.59721794128418,29.12310438156128,0.0747422680412371,3034912,172.9588791001588,72,102
UTSIndoorLoc,55,RC-NoCorruption,fused,top20_outage,388.0,13.100394396201182,9.824742229523522,17.110901371719645,14.66597256029508,29.291666341743223,38.11518500634006,0.0798969072164948,3034912,172.9588791001588,72,102
UTSIndoorLoc,55,RC-NoCorruption,direct,top20_outage_plus_bias4db,388.0,11.98958969116211,10.040902137756348,14.556602478027344,14.703360557556152,23.944924354553223,29.516179084777814,0.0747422680412371,3034912,172.9588791001588,72,102
UTSIndoorLoc,55,RC-NoCorruption,fused,top20_outage_plus_bias4db,388.0,13.13459809935446,9.80908152847643,17.085798474222386,14.892081016666094,29.52249771624641,36.4523457286422,0.0927835051546391,3034912,172.9588791001588,72,102
UTSIndoorLoc,55,RC-NoMask,direct,clean,388.0,6.835071086883545,5.787143230438232,8.596088409423828,8.891998052597046,11.803794384002686,16.54252810478208,0.1829896907216494,2909984,405.9953015998472,143,173
UTSIndoorLoc,55,RC-NoMask,fused,clean,388.0,6.94657535972794,6.033838801548776,8.690445539854693,8.913354537010676,12.498463528970632,16.31540659589172,0.1958762886597938,2909984,405.9953015998472,143,173
UTSIndoorLoc,55,RC-NoMask,direct,device_offset_-6db,388.0,6.789653301239014,5.665700912475586,8.5072660446167,8.602206945419312,11.742671203613282,16.062690067291257,0.2036082474226804,2909984,405.9953015998472,143,173
UTSIndoorLoc,55,RC-NoMask,fused,device_offset_-6db,388.0,6.929638245823718,6.002338374319868,8.567562439298893,9.05581001667087,12.326758619352056,15.775346433106051,0.2036082474226804,2909984,405.9953015998472,143,173
UTSIndoorLoc,55,RC-NoMask,direct,persistent_bias_8db,388.0,6.78036642074585,5.799038887023926,8.447699546813965,8.640295028686523,11.712177753448492,15.291609096527097,0.1829896907216494,2909984,405.9953015998472,143,173
UTSIndoorLoc,55,RC-NoMask,fused,persistent_bias_8db,388.0,6.831480748512906,6.044376829391158,8.412948537912426,8.529680616154208,11.643961922878466,15.477686780588964,0.1675257731958762,2909984,405.9953015998472,143,173
UTSIndoorLoc,55,RC-NoMask,direct,top20_outage,388.0,10.610989570617676,8.750215530395508,13.425337791442873,13.238068103790283,21.705647850036637,28.329160785675025,0.1211340206185567,2909984,405.9953015998472,143,173
UTSIndoorLoc,55,RC-NoMask,fused,top20_outage,388.0,11.003651736336366,8.7603474705333,13.995795498720346,13.357930910731325,23.155213779276227,30.346066550089304,0.1288659793814432,2909984,405.9953015998472,143,173
UTSIndoorLoc,55,RC-NoMask,direct,top20_outage_plus_bias4db,388.0,10.548516273498535,8.75908088684082,13.313003540039062,13.026881456375122,21.514497756958008,27.790921688079813,0.1314432989690721,2909984,405.9953015998472,143,173
UTSIndoorLoc,55,RC-NoMask,fused,top20_outage_plus_bias4db,388.0,10.92869924705336,8.981086132456863,13.882516902512853,13.254231702629616,21.81949009324391,30.93955320333861,0.1417525773195876,2909984,405.9953015998472,143,173
UTSIndoorLoc,55,RC-NoReconstruction,direct,clean,388.0,7.049251556396484,6.200281143188477,8.62311840057373,9.13860321044922,12.198106575012208,15.24314513206482,0.1829896907216494,2770899,162.64503390016034,64,94
UTSIndoorLoc,55,RC-NoReconstruction,fused,clean,388.0,7.0974714090711375,6.365279809727877,8.512279811127557,9.282910296999546,12.214870788036633,14.691950351724568,0.1932989690721649,2770899,162.64503390016034,64,94
UTSIndoorLoc,55,RC-NoReconstruction,direct,device_offset_-6db,388.0,6.983481407165527,6.120728492736816,8.557294845581055,8.976032972335815,12.28782949447632,15.62766432762146,0.1855670103092783,2770899,162.64503390016034,64,94
UTSIndoorLoc,55,RC-NoReconstruction,fused,device_offset_-6db,388.0,6.942161498870483,6.239341443280989,8.357996445960872,9.03979133585623,12.504389796232507,15.40008474465533,0.1984536082474226,2770899,162.64503390016034,64,94
UTSIndoorLoc,55,RC-NoReconstruction,direct,persistent_bias_8db,388.0,6.96353816986084,6.287626266479492,8.490126609802246,8.89539098739624,11.49988603591919,14.885289287567115,0.1649484536082474,2770899,162.64503390016034,64,94
UTSIndoorLoc,55,RC-NoReconstruction,fused,persistent_bias_8db,388.0,7.164462004895054,6.389944986064158,8.801497605412356,9.096495147657034,11.767669415981777,14.653353520342923,0.1546391752577319,2770899,162.64503390016034,64,94
UTSIndoorLoc,55,RC-NoReconstruction,direct,top20_outage,388.0,9.876699447631836,8.231937408447266,12.376839637756348,13.16671586036682,19.404975318908694,25.37223386764526,0.1469072164948453,2770899,162.64503390016034,64,94
UTSIndoorLoc,55,RC-NoReconstruction,fused,top20_outage,388.0,10.025165459145384,8.435300968041092,12.44421894171647,13.334373473206243,19.775472314488532,25.74751842547381,0.1494845360824742,2770899,162.64503390016034,64,94
UTSIndoorLoc,55,RC-NoReconstruction,direct,top20_outage_plus_bias4db,388.0,9.80333423614502,8.236297607421875,12.268621444702148,12.8658607006073,19.414665985107423,23.998933029174797,0.1365979381443298,2770899,162.64503390016034,64,94
UTSIndoorLoc,55,RC-NoReconstruction,fused,top20_outage_plus_bias4db,388.0,9.959090827278148,8.418791114606726,12.370198378416324,13.080166639930065,19.84960327271857,25.408779423996865,0.1469072164948453,2770899,162.64503390016034,64,94
